1:"$Sreact.fragment"
2:I[39756,["/_next/static/chunks/05-c3ty_6dwfk.js","/_next/static/chunks/14mrh2-p_w84d.js"],"default"]
3:I[37457,["/_next/static/chunks/05-c3ty_6dwfk.js","/_next/static/chunks/14mrh2-p_w84d.js"],"default"]
4:I[85945,["/_next/static/chunks/05-c3ty_6dwfk.js","/_next/static/chunks/14mrh2-p_w84d.js","/_next/static/chunks/2xit_y3s9zxut.js","/_next/static/chunks/2zixpx-plf4hq.js"],"default"]
5:I[84245,["/_next/static/chunks/05-c3ty_6dwfk.js","/_next/static/chunks/14mrh2-p_w84d.js","/_next/static/chunks/2xit_y3s9zxut.js","/_next/static/chunks/2zixpx-plf4hq.js"],"default"]
6:I[43541,["/_next/static/chunks/05-c3ty_6dwfk.js","/_next/static/chunks/14mrh2-p_w84d.js","/_next/static/chunks/2xit_y3s9zxut.js","/_next/static/chunks/2zixpx-plf4hq.js"],"default"]
7:I[63724,["/_next/static/chunks/05-c3ty_6dwfk.js","/_next/static/chunks/14mrh2-p_w84d.js","/_next/static/chunks/2xit_y3s9zxut.js","/_next/static/chunks/2zixpx-plf4hq.js"],"default"]
1e:I[68027,["/_next/static/chunks/05-c3ty_6dwfk.js","/_next/static/chunks/14mrh2-p_w84d.js"],"default",1]
:HL["/_next/static/chunks/25kcvr0xjnqek.css","style"]
:HL["/_next/static/media/797e433ab948586e-s.p.0r6juujl39pe6.woff2","font",{"crossOrigin":"","type":"font/woff2"}]
:HL["/_next/static/media/caa3a2e1cccd8315-s.p.0wgildi0cnwt9.woff2","font",{"crossOrigin":"","type":"font/woff2"}]
8:T18eb,M 170.00,60.00 C 169.79,61.36 169.30,65.47 168.72,68.13 C 168.13,70.79 167.39,73.42 166.51,75.97 C 165.63,78.51 164.59,81.01 163.43,83.40 C 162.27,85.80 160.97,88.13 159.55,90.34 C 158.13,92.56 156.58,94.69 154.93,96.70 C 153.28,98.72 151.51,100.63 149.66,102.41 C 147.81,104.20 145.85,105.87 143.82,107.40 C 141.80,108.94 139.68,110.35 137.51,111.63 C 135.34,112.90 133.10,114.04 130.82,115.04 C 128.55,116.03 126.21,116.89 123.86,117.61 C 121.51,118.32 119.12,118.89 116.73,119.32 C 114.34,119.75 111.93,120.04 109.53,120.18 C 107.14,120.32 104.73,120.32 102.36,120.18 C 100.00,120.04 97.64,119.76 95.33,119.35 C 93.02,118.94 90.74,118.39 88.52,117.72 C 86.30,117.05 84.12,116.24 82.02,115.33 C 79.92,114.41 77.88,113.37 75.93,112.22 C 73.97,111.08 72.08,109.82 70.30,108.47 C 68.51,107.12 66.81,105.66 65.21,104.13 C 63.62,102.59 62.11,100.96 60.72,99.28 C 59.34,97.59 58.05,95.81 56.88,93.99 C 55.72,92.17 54.66,90.28 53.72,88.36 C 52.79,86.44 51.97,84.46 51.28,82.46 C 50.59,80.47 50.01,78.43 49.56,76.39 C 49.11,74.35 48.79,72.28 48.58,70.23 C 48.38,68.17 48.30,66.11 48.34,64.07 C 48.38,62.03 48.54,59.99 48.82,57.99 C 49.09,55.99 49.49,54.01 49.99,52.08 C 50.49,50.15 51.11,48.25 51.83,46.41 C 52.54,44.58 53.37,42.78 54.29,41.07 C 55.21,39.35 56.23,37.68 57.33,36.10 C 58.43,34.52 59.62,33.01 60.89,31.58 C 62.15,30.16 63.50,28.81 64.91,27.56 C 66.31,26.31 67.80,25.14 69.32,24.08 C 70.84,23.01 72.44,22.04 74.06,21.17 C 75.68,20.31 77.35,19.53 79.04,18.87 C 80.74,18.21 82.47,17.65 84.21,17.19 C 85.94,16.74 87.71,16.39 89.47,16.14 C 91.23,15.90 93.00,15.76 94.76,15.72 C 96.51,15.69 98.27,15.76 100.00,15.93 C 101.73,16.10 103.45,16.37 105.12,16.74 C 106.80,17.10 108.45,17.57 110.05,18.12 C 111.66,18.68 113.23,19.33 114.73,20.06 C 116.24,20.79 117.71,21.61 119.10,22.51 C 120.50,23.40 121.84,24.38 123.11,25.41 C 124.38,26.45 125.58,27.57 126.70,28.73 C 127.83,29.90 128.88,31.13 129.85,32.41 C 130.81,33.69 131.70,35.02 132.50,36.38 C 133.31,37.75 134.02,39.16 134.65,40.59 C 135.28,42.03 135.82,43.50 136.27,44.98 C 136.72,46.45 137.08,47.96 137.35,49.47 C 137.62,50.97 137.80,52.49 137.89,54.00 C 137.98,55.51 137.98,57.02 137.89,58.51 C 137.80,60.00 137.63,61.49 137.37,62.94 C 137.11,64.39 136.76,65.83 136.34,67.23 C 135.92,68.62 135.41,70.00 134.83,71.32 C 134.26,72.64 133.60,73.93 132.88,75.16 C 132.16,76.39 131.37,77.58 130.52,78.70 C 129.67,79.82 128.75,80.90 127.78,81.90 C 126.82,82.91 125.79,83.85 124.73,84.73 C 123.66,85.60 122.55,86.41 121.40,87.15 C 120.26,87.88 119.06,88.55 117.85,89.14 C 116.64,89.72 115.40,90.24 114.14,90.68 C 112.89,91.11 111.60,91.47 110.32,91.76 C 109.03,92.04 107.73,92.24 106.44,92.37 C 105.15,92.50 103.84,92.55 102.56,92.53 C 101.28,92.50 99.99,92.40 98.73,92.23 C 97.48,92.05 96.23,91.80 95.01,91.49 C 93.80,91.17 92.60,90.78 91.45,90.33 C 90.29,89.88 89.16,89.36 88.08,88.78 C 87.00,88.20 85.95,87.56 84.95,86.87 C 83.96,86.17 83.00,85.42 82.11,84.63 C 81.21,83.83 80.36,82.98 79.58,82.10 C 78.79,81.21 78.05,80.28 77.38,79.32 C 76.71,78.36 76.10,77.35 75.55,76.33 C 75.01,75.31 74.52,74.26 74.10,73.19 C 73.69,72.13 73.33,71.04 73.05,69.94 C 72.76,68.85 72.54,67.74 72.39,66.63 C 72.23,65.52 72.15,64.40 72.12,63.30 C 72.10,62.19 72.14,61.09 72.25,60.00 C 72.36,58.91 72.53,57.83 72.76,56.78 C 72.99,55.72 73.29,54.68 73.63,53.67 C 73.98,52.66 74.39,51.67 74.85,50.72 C 75.31,49.77 75.83,48.85 76.39,47.97 C 76.96,47.09 77.57,46.25 78.22,45.45 C 78.88,44.65 79.58,43.89 80.31,43.19 C 81.05,42.48 81.83,41.82 82.63,41.21 C 83.43,40.60 84.27,40.04 85.13,39.53 C 85.99,39.03 86.88,38.58 87.78,38.18 C 88.68,37.79 89.61,37.45 90.54,37.16 C 91.47,36.88 92.42,36.65 93.37,36.48 C 94.31,36.31 95.27,36.20 96.22,36.14 C 97.17,36.09 98.12,36.09 99.06,36.14 C 100.00,36.20 100.94,36.31 101.85,36.47 C 102.77,36.63 103.67,36.85 104.55,37.12 C 105.43,37.39 106.29,37.70 107.13,38.07 C 107.96,38.43 108.77,38.85 109.54,39.30 C 110.32,39.75 111.07,40.25 111.77,40.79 C 112.48,41.32 113.16,41.90 113.79,42.51 C 114.42,43.11 115.02,43.76 115.57,44.43 C 116.12,45.10 116.63,45.80 117.09,46.53 C 117.55,47.25 117.97,48.00 118.34,48.76 C 118.71,49.52 119.04,50.31 119.31,51.10 C 119.59,51.89 119.82,52.70 119.99,53.50 C 120.17,54.31 120.30,55.13 120.38,55.95 C 120.46,56.76 120.49,57.58 120.48,58.39 C 120.46,59.20 120.40,60.01 120.29,60.80 C 120.18,61.59 120.02,62.38 119.83,63.14 C 119.63,63.90 119.38,64.66 119.10,65.39 C 118.81,66.11 118.48,66.82 118.12,67.51 C 117.76,68.19 117.35,68.85 116.92,69.47 C 116.48,70.10 116.01,70.70 115.50,71.26 C 115.00,71.83 114.47,72.36 113.91,72.86 C 113.35,73.36 112.77,73.82 112.16,74.24 C 111.56,74.66 110.93,75.05 110.28,75.39 C 109.64,75.74 108.98,76.04 108.31,76.30 C 107.64,76.57 106.95,76.79 106.26,76.97 C 105.57,77.15 104.87,77.29 104.17,77.39 C 103.48,77.48 102.77,77.54 102.08,77.55 C 101.38,77.57 100.68,77.54 100.00,77.47 C 99.32,77.40 98.63,77.30 97.97,77.15 C 97.31,77.01 96.65,76.82 96.01,76.60 C 95.38,76.38 94.76,76.12 94.16,75.83 C 93.56,75.54 92.98,75.22 92.43,74.86 C 91.87,74.51 91.34,74.12 90.84,73.71 C 90.34,73.30 89.86,72.86 89.41,72.39 C 88.97,71.93 88.55,71.44 88.17,70.94 C 87.79,70.43 87.43,69.90 87.11,69.36 C 86.80,68.82 86.51,68.26 86.26,67.69 C 86.01,67.13 85.80,66.54 85.62,65.96 C 85.44,65.37 85.30,64.77 85.19,64.18 C 85.09,63.58 85.02,62.98 84.98,62.38 C 84.94,61.78 84.95,61.18 84.98,60.59 C 85.01,60.00 85.08,59.41 85.19,58.83 C 85.29,58.26 85.43,57.69 85.59,57.13 C 85.76,56.58 85.96,56.04 86.19,55.51 C 86.42,54.99 86.68,54.48 86.97,53.99 C 87.25,53.50 87.57,53.03 87.90,52.59 C 88.24,52.14 88.60,51.72 88.99,51.32 C 89.37,50.92 89.78,50.54 90.20,50.20 C 90.62,49.85 91.06,49.53 91.52,49.24 C 91.97,48.95 92.44,48.68 92.92,48.45 C 93.40,48.22 93.90,48.01 94.39,47.84 C 94.89,47.67 95.40,47.52 95.91,47.41 C 96.42,47.30 96.93,47.22 97.45,47.17 C 97.96,47.12 98.48,47.10 98.99,47.11 C 99.49,47.12 100.00,47.16 100.50,47.23 C 101.00,47.29 101.50,47.39 101.98,47.52 C 102.46,47.64 102.93,47.80 103.39,47.98 C 103.85,48.16 104.30,48.36 104.73,48.59 C 105.15,48.82 105.57,49.08 105.96,49.35 C 106.36,49.62 106.74,49.92 107.09,50.24 C 107.45,50.55 107.78,50.89 108.10,51.24 C 108.41,51.59 108.70,51.96 108.97,52.34 C 109.23,52.72 109.47,53.12 109.69,53.52 C 109.91,53.93 110.10,54.35 110.27,54.77 C 110.43,55.19 110.57,55.62 110.68,56.06 C 110.80,56.49 110.89,56.93 110.95,57.37 C 111.01,57.81 111.04,58.25 111.05,58.69 C 111.06,59.13 111.01,59.78 111.00,60.000:{"P":null,"c":["",""],"q":"","i":false,"f":[[["",{"children":["__PAGE__",{}]},"$undefined","$undefined",16],[["$","$1","c",{"children":[[["$","link","0",{"rel":"stylesheet","href":"/_next/static/chunks/25kcvr0xjnqek.css","precedence":"next","crossOrigin":"$undefined","nonce":"$undefined"}],["$","script","script-0",{"src":"/_next/static/chunks/05-c3ty_6dwfk.js","async":true,"nonce":"$undefined"}],["$","script","script-1",{"src":"/_next/static/chunks/14mrh2-p_w84d.js","async":true,"nonce":"$undefined"}]],["$","html",null,{"lang":"en","className":"geist_deef94d5-module__Sms4YG__variable geist_mono_1bf8cbf6-module__FlyLvG__variable","children":["$","body",null,{"children":["$","$L2",null,{"parallelRouterKey":"children","error":"$undefined","errorStyles":"$undefined","errorScripts":"$undefined","template":["$","$L3",null,{}],"templateStyles":"$undefined","templateScripts":"$undefined","notFound":[[["$","title",null,{"children":"404: This page could not be found."}],["$","div",null,{"style":{"fontFamily":"system-ui,\"Segoe UI\",Roboto,Helvetica,Arial,sans-serif,\"Apple Color Emoji\",\"Segoe UI Emoji\"","height":"100vh","textAlign":"center","display":"flex","flexDirection":"column","alignItems":"center","justifyContent":"center"},"children":["$","div",null,{"children":[["$","style",null,{"dangerouslySetInnerHTML":{"__html":"body{color:#000;background:#fff;margin:0}.next-error-h1{border-right:1px solid rgba(0,0,0,.3)}@media (prefers-color-scheme:dark){body{color:#fff;background:#000}.next-error-h1{border-right:1px solid rgba(255,255,255,.3)}}"}}],["$","h1",null,{"className":"next-error-h1","style":{"display":"inline-block","margin":"0 20px 0 0","padding":"0 23px 0 0","fontSize":24,"fontWeight":500,"verticalAlign":"top","lineHeight":"49px"},"children":404}],["$","div",null,{"style":{"display":"inline-block"},"children":["$","h2",null,{"style":{"fontSize":14,"fontWeight":400,"lineHeight":"49px","margin":0},"children":"This page could not be found."}]}]]}]}]],[]],"forbidden":"$undefined","unauthorized":"$undefined"}]}]}]]}],{"children":[["$","$1","c",{"children":[[["$","$L4",null,{}],["$","div",null,{"id":"transition-overlay","className":"transition-bg-overlay","aria-hidden":"true"}],["$","$L5",null,{"className":"bg-video bg-video--right"}],["$","div",null,{"className":"bg-video-scrim","aria-hidden":"true"}],["$","$L6",null,{}],["$","$L7",null,{"className":"fixed inset-0 -z-10"}],["$","div",null,{"className":"fixed inset-0 overflow-hidden","style":{"zIndex":-6,"pointerEvents":"none"},"aria-hidden":"true","children":["$","svg",null,{"viewBox":"0 0 1600 1000","preserveAspectRatio":"xMidYMid slice","width":"100%","height":"100%","children":[["$","g","0",{"className":"spiral-spin","style":{"transformOrigin":"100px 60px","--spiral-duration":"45s","--spiral-direction":"normal"},"children":[["$","path","0",{"d":"$8","fill":"none","stroke":"#2f3774","strokeWidth":5.1,"strokeLinecap":"round","opacity":0.85}],"$L9","$La"]}],"$Lb","$Lc","$Ld","$Le","$Lf","$L10","$L11","$L12","$L13","$L14","$L15"]}]}],"$L16","$L17","$L18","$L19"],["$L1a","$L1b"],"$L1c"]}],{},null,false,null]},null,false,null],"$L1d",false]],"m":"$undefined","G":["$1e",["$L1f"]],"S":true,"h":null,"s":"$undefined","l":"$undefined","p":"$undefined","d":"$undefined","b":"q0_iK0kxrOaqpjJtghYPy"}
54:I[62432,["/_next/static/chunks/05-c3ty_6dwfk.js","/_next/static/chunks/14mrh2-p_w84d.js","/_next/static/chunks/2xit_y3s9zxut.js","/_next/static/chunks/2zixpx-plf4hq.js"],"default"]
55:I[50337,["/_next/static/chunks/05-c3ty_6dwfk.js","/_next/static/chunks/14mrh2-p_w84d.js","/_next/static/chunks/2xit_y3s9zxut.js","/_next/static/chunks/2zixpx-plf4hq.js"],"default"]
56:I[79948,["/_next/static/chunks/05-c3ty_6dwfk.js","/_next/static/chunks/14mrh2-p_w84d.js","/_next/static/chunks/2xit_y3s9zxut.js","/_next/static/chunks/2zixpx-plf4hq.js"],"default"]
57:I[97367,["/_next/static/chunks/05-c3ty_6dwfk.js","/_next/static/chunks/14mrh2-p_w84d.js"],"OutletBoundary"]
58:"$Sreact.suspense"
5a:I[97367,["/_next/static/chunks/05-c3ty_6dwfk.js","/_next/static/chunks/14mrh2-p_w84d.js"],"ViewportBoundary"]
5c:I[97367,["/_next/static/chunks/05-c3ty_6dwfk.js","/_next/static/chunks/14mrh2-p_w84d.js"],"MetadataBoundary"]
:HL["/media/bali.jpg","image"]
20:T18e5,M 163.00,60.00 C 162.81,61.22 162.37,64.92 161.84,67.32 C 161.32,69.71 160.65,72.08 159.86,74.37 C 159.07,76.66 158.13,78.91 157.09,81.06 C 156.05,83.22 154.87,85.31 153.60,87.31 C 152.32,89.30 150.92,91.22 149.44,93.03 C 147.96,94.84 146.36,96.57 144.69,98.17 C 143.03,99.78 141.26,101.28 139.44,102.66 C 137.62,104.05 135.71,105.32 133.76,106.46 C 131.81,107.61 129.79,108.64 127.74,109.53 C 125.69,110.43 123.59,111.20 121.48,111.85 C 119.36,112.49 117.21,113.01 115.06,113.39 C 112.91,113.78 110.73,114.03 108.58,114.16 C 106.42,114.29 104.26,114.29 102.13,114.16 C 100.00,114.04 97.87,113.79 95.80,113.42 C 93.72,113.05 91.66,112.55 89.67,111.95 C 87.67,111.34 85.71,110.62 83.82,109.79 C 81.93,108.97 80.09,108.03 78.33,107.00 C 76.57,105.97 74.88,104.83 73.27,103.62 C 71.66,102.41 70.13,101.09 68.69,99.71 C 67.26,98.34 65.90,96.87 64.65,95.35 C 63.40,93.83 62.24,92.23 61.19,90.59 C 60.14,88.95 59.19,87.25 58.35,85.52 C 57.51,83.79 56.77,82.01 56.15,80.21 C 55.53,78.42 55.01,76.58 54.61,74.75 C 54.20,72.91 53.91,71.05 53.73,69.20 C 53.54,67.36 53.47,65.49 53.51,63.66 C 53.54,61.82 53.69,59.99 53.93,58.19 C 54.18,56.39 54.54,54.61 54.99,52.87 C 55.44,51.13 56.00,49.42 56.64,47.77 C 57.29,46.12 58.04,44.51 58.86,42.96 C 59.69,41.41 60.61,39.91 61.60,38.49 C 62.58,37.07 63.66,35.71 64.80,34.42 C 65.94,33.14 67.15,31.93 68.42,30.80 C 69.68,29.68 71.02,28.63 72.39,27.67 C 73.76,26.71 75.19,25.84 76.65,25.06 C 78.11,24.27 79.62,23.58 81.14,22.98 C 82.66,22.39 84.22,21.88 85.79,21.47 C 87.35,21.06 88.94,20.75 90.52,20.53 C 92.11,20.31 93.70,20.18 95.28,20.15 C 96.86,20.12 98.45,20.18 100.00,20.33 C 101.55,20.49 103.10,20.73 104.61,21.06 C 106.12,21.39 107.61,21.81 109.05,22.31 C 110.49,22.81 111.90,23.40 113.26,24.06 C 114.62,24.71 115.94,25.45 117.19,26.26 C 118.45,27.06 119.66,27.94 120.80,28.87 C 121.94,29.81 123.02,30.81 124.03,31.86 C 125.04,32.91 125.99,34.02 126.86,35.17 C 127.73,36.32 128.53,37.52 129.25,38.75 C 129.97,39.97 130.62,41.25 131.19,42.53 C 131.75,43.82 132.24,45.15 132.64,46.48 C 133.05,47.81 133.37,49.17 133.62,50.52 C 133.86,51.87 134.02,53.24 134.10,54.60 C 134.18,55.96 134.18,57.32 134.10,58.66 C 134.02,60.00 133.86,61.34 133.63,62.65 C 133.40,63.95 133.09,65.25 132.71,66.51 C 132.33,67.76 131.87,69.00 131.35,70.19 C 130.83,71.38 130.24,72.53 129.59,73.64 C 128.94,74.75 128.23,75.82 127.46,76.83 C 126.70,77.84 125.87,78.81 125.00,79.71 C 124.14,80.62 123.21,81.47 122.26,82.26 C 121.30,83.04 120.29,83.77 119.26,84.43 C 118.23,85.09 117.16,85.69 116.07,86.22 C 114.98,86.75 113.86,87.22 112.73,87.61 C 111.60,88.00 110.44,88.33 109.29,88.58 C 108.13,88.83 106.96,89.02 105.80,89.13 C 104.63,89.25 103.46,89.30 102.30,89.27 C 101.15,89.25 99.99,89.16 98.86,89.00 C 97.73,88.85 96.60,88.62 95.51,88.34 C 94.42,88.05 93.34,87.70 92.30,87.30 C 91.26,86.89 90.24,86.42 89.27,85.90 C 88.30,85.38 87.35,84.80 86.46,84.18 C 85.56,83.56 84.70,82.88 83.90,82.16 C 83.09,81.45 82.33,80.68 81.62,79.89 C 80.91,79.09 80.25,78.25 79.64,77.38 C 79.04,76.52 78.49,75.62 78.00,74.70 C 77.51,73.78 77.07,72.83 76.69,71.87 C 76.32,70.92 76.00,69.93 75.74,68.95 C 75.48,67.96 75.29,66.96 75.15,65.97 C 75.01,64.97 74.93,63.96 74.91,62.97 C 74.89,61.98 74.93,60.98 75.03,60.00 C 75.12,59.02 75.28,58.05 75.48,57.10 C 75.69,56.15 75.96,55.21 76.27,54.30 C 76.59,53.40 76.95,52.51 77.37,51.65 C 77.78,50.80 78.25,49.97 78.75,49.17 C 79.26,48.38 79.81,47.62 80.40,46.90 C 80.99,46.19 81.62,45.50 82.28,44.87 C 82.94,44.23 83.64,43.64 84.37,43.09 C 85.09,42.54 85.85,42.04 86.62,41.58 C 87.39,41.13 88.19,40.72 89.00,40.36 C 89.82,40.01 90.65,39.70 91.49,39.45 C 92.32,39.19 93.18,38.99 94.03,38.84 C 94.88,38.68 95.75,38.58 96.60,38.53 C 97.45,38.48 98.31,38.48 99.16,38.53 C 100.00,38.58 100.84,38.68 101.67,38.83 C 102.49,38.97 103.30,39.17 104.10,39.41 C 104.89,39.65 105.66,39.93 106.41,40.26 C 107.16,40.59 107.89,40.96 108.59,41.37 C 109.29,41.78 109.96,42.23 110.60,42.71 C 111.23,43.19 111.84,43.71 112.41,44.26 C 112.98,44.80 113.52,45.39 114.01,45.99 C 114.51,46.59 114.97,47.22 115.38,47.87 C 115.80,48.52 116.18,49.20 116.51,49.88 C 116.84,50.57 117.13,51.27 117.38,51.99 C 117.63,52.70 117.83,53.43 117.99,54.15 C 118.15,54.88 118.27,55.62 118.34,56.35 C 118.42,57.08 118.44,57.82 118.43,58.55 C 118.42,59.28 118.36,60.00 118.26,60.72 C 118.16,61.43 118.02,62.14 117.84,62.83 C 117.66,63.51 117.44,64.19 117.19,64.85 C 116.93,65.50 116.64,66.14 116.31,66.76 C 115.98,67.37 115.62,67.96 115.22,68.53 C 114.83,69.09 114.40,69.63 113.95,70.14 C 113.50,70.65 113.02,71.13 112.52,71.57 C 112.02,72.02 111.49,72.44 110.95,72.82 C 110.40,73.20 109.83,73.54 109.26,73.85 C 108.68,74.16 108.08,74.44 107.48,74.67 C 106.87,74.91 106.25,75.11 105.63,75.27 C 105.01,75.44 104.38,75.56 103.76,75.65 C 103.13,75.73 102.50,75.78 101.87,75.80 C 101.24,75.81 100.62,75.78 100.00,75.72 C 99.38,75.66 98.77,75.57 98.17,75.44 C 97.58,75.30 96.98,75.14 96.41,74.94 C 95.84,74.74 95.28,74.51 94.74,74.25 C 94.21,73.99 93.68,73.69 93.18,73.38 C 92.69,73.06 92.21,72.71 91.76,72.34 C 91.30,71.97 90.87,71.57 90.47,71.15 C 90.07,70.74 89.70,70.30 89.35,69.84 C 89.01,69.39 88.69,68.91 88.40,68.43 C 88.12,67.94 87.86,67.43 87.64,66.92 C 87.41,66.41 87.22,65.89 87.06,65.36 C 86.90,64.83 86.77,64.29 86.67,63.76 C 86.58,63.22 86.51,62.68 86.48,62.14 C 86.45,61.60 86.45,61.06 86.48,60.53 C 86.51,60.00 86.58,59.47 86.67,58.95 C 86.76,58.43 86.88,57.92 87.03,57.42 C 87.19,56.92 87.37,56.43 87.57,55.96 C 87.78,55.49 88.01,55.03 88.27,54.59 C 88.53,54.15 88.81,53.73 89.11,53.33 C 89.42,52.93 89.74,52.54 90.09,52.19 C 90.43,51.83 90.80,51.49 91.18,51.18 C 91.56,50.87 91.96,50.58 92.36,50.31 C 92.77,50.05 93.20,49.81 93.63,49.61 C 94.06,49.40 94.51,49.21 94.95,49.06 C 95.40,48.90 95.86,48.77 96.32,48.67 C 96.78,48.57 97.24,48.50 97.70,48.45 C 98.16,48.40 98.63,48.39 99.09,48.40 C 99.54,48.40 100.00,48.44 100.45,48.50 C 100.90,48.56 101.35,48.65 101.78,48.77 C 102.21,48.88 102.64,49.02 103.05,49.18 C 103.46,49.34 103.87,49.53 104.25,49.73 C 104.64,49.94 105.01,50.17 105.37,50.41 C 105.72,50.66 106.06,50.93 106.38,51.21 C 106.70,51.50 107.01,51.80 107.29,52.12 C 107.57,52.43 107.83,52.77 108.07,53.11 C 108.31,53.45 108.53,53.81 108.72,54.17 C 108.92,54.54 109.09,54.91 109.24,55.29 C 109.39,55.67 109.51,56.06 109.62,56.45 C 109.72,56.84 109.80,57.24 109.85,57.63 C 109.91,58.03 109.94,58.43 109.95,58.82 C 109.95,59.22 109.91,59.80 109.90,60.009:["$","path","1",{"d":"$20","fill":"none","stroke":"#4c6394","strokeWidth":5.1,"strokeLinecap":"round","opacity":0.85}]
21:T18de,M 156.00,60.00 C 155.83,61.08 155.44,64.38 154.97,66.51 C 154.51,68.64 153.91,70.74 153.21,72.77 C 152.50,74.81 151.67,76.80 150.75,78.72 C 149.82,80.64 148.77,82.50 147.64,84.27 C 146.51,86.05 145.26,87.75 143.95,89.36 C 142.63,90.97 141.21,92.50 139.73,93.93 C 138.25,95.36 136.68,96.70 135.06,97.92 C 133.44,99.15 131.74,100.28 130.01,101.30 C 128.27,102.32 126.48,103.23 124.66,104.03 C 122.84,104.83 120.97,105.51 119.09,106.09 C 117.21,106.66 115.30,107.12 113.38,107.46 C 111.47,107.80 109.54,108.03 107.63,108.14 C 105.71,108.26 103.79,108.26 101.89,108.15 C 100.00,108.03 98.11,107.81 96.26,107.48 C 94.42,107.15 92.59,106.71 90.82,106.18 C 89.04,105.64 87.30,104.99 85.62,104.26 C 83.94,103.53 82.30,102.69 80.74,101.78 C 79.18,100.86 77.67,99.85 76.24,98.77 C 74.81,97.69 73.45,96.53 72.17,95.30 C 70.89,94.08 69.69,92.77 68.58,91.42 C 67.47,90.07 66.44,88.65 65.51,87.19 C 64.57,85.74 63.73,84.22 62.98,82.69 C 62.23,81.15 61.58,79.56 61.02,77.97 C 60.47,76.37 60.01,74.74 59.65,73.11 C 59.29,71.48 59.03,69.82 58.87,68.18 C 58.70,66.54 58.64,64.88 58.67,63.25 C 58.70,61.62 58.83,59.99 59.05,58.39 C 59.27,56.79 59.59,55.21 59.99,53.66 C 60.39,52.12 60.89,50.60 61.46,49.13 C 62.03,47.66 62.70,46.23 63.43,44.85 C 64.16,43.48 64.98,42.15 65.86,40.88 C 66.74,39.62 67.70,38.41 68.71,37.27 C 69.72,36.13 70.80,35.05 71.93,34.05 C 73.05,33.05 74.24,32.11 75.46,31.26 C 76.68,30.41 77.95,29.63 79.25,28.94 C 80.54,28.24 81.88,27.63 83.24,27.10 C 84.59,26.57 85.98,26.12 87.37,25.75 C 88.76,25.39 90.17,25.11 91.58,24.91 C 92.98,24.72 94.40,24.61 95.81,24.58 C 97.21,24.55 98.62,24.61 100.00,24.74 C 101.38,24.88 102.76,25.10 104.10,25.39 C 105.44,25.68 106.76,26.06 108.04,26.50 C 109.32,26.94 110.58,27.46 111.79,28.05 C 112.99,28.63 114.17,29.29 115.28,30.00 C 116.40,30.72 117.47,31.50 118.49,32.33 C 119.50,33.16 120.46,34.05 121.36,34.99 C 122.26,35.92 123.10,36.91 123.88,37.93 C 124.65,38.95 125.36,40.02 126.00,41.11 C 126.64,42.20 127.22,43.33 127.72,44.48 C 128.22,45.62 128.66,46.80 129.02,47.98 C 129.38,49.16 129.66,50.37 129.88,51.57 C 130.10,52.78 130.24,53.99 130.31,55.20 C 130.38,56.41 130.38,57.62 130.31,58.81 C 130.24,60.00 130.10,61.19 129.89,62.35 C 129.69,63.52 129.41,64.67 129.07,65.78 C 128.73,66.90 128.33,68.00 127.87,69.05 C 127.41,70.11 126.88,71.14 126.30,72.13 C 125.73,73.11 125.09,74.06 124.41,74.96 C 123.73,75.86 123.00,76.72 122.23,77.52 C 121.45,78.33 120.63,79.08 119.78,79.78 C 118.93,80.48 118.04,81.13 117.12,81.72 C 116.20,82.31 115.25,82.84 114.28,83.31 C 113.32,83.78 112.32,84.19 111.31,84.54 C 110.31,84.89 109.28,85.18 108.25,85.40 C 107.23,85.63 106.19,85.79 105.15,85.90 C 104.12,86.00 103.08,86.04 102.05,86.02 C 101.02,86.00 99.99,85.92 98.99,85.78 C 97.98,85.64 96.98,85.44 96.01,85.19 C 95.04,84.94 94.08,84.63 93.16,84.26 C 92.23,83.90 91.33,83.49 90.46,83.02 C 89.60,82.56 88.76,82.05 87.96,81.49 C 87.17,80.94 86.40,80.34 85.69,79.70 C 84.97,79.06 84.29,78.38 83.66,77.68 C 83.03,76.97 82.44,76.22 81.91,75.45 C 81.37,74.69 80.88,73.88 80.44,73.07 C 80.01,72.25 79.62,71.41 79.28,70.56 C 78.95,69.70 78.67,68.83 78.44,67.95 C 78.21,67.08 78.03,66.19 77.91,65.30 C 77.79,64.42 77.72,63.52 77.70,62.64 C 77.68,61.76 77.72,60.87 77.80,60.00 C 77.89,59.13 78.02,58.26 78.21,57.42 C 78.39,56.58 78.63,55.74 78.91,54.94 C 79.19,54.13 79.52,53.34 79.88,52.58 C 80.25,51.82 80.67,51.08 81.11,50.38 C 81.56,49.67 82.06,49.00 82.58,48.36 C 83.10,47.72 83.66,47.11 84.25,46.55 C 84.84,45.98 85.46,45.45 86.10,44.97 C 86.75,44.48 87.42,44.03 88.10,43.63 C 88.79,43.22 89.50,42.86 90.23,42.55 C 90.95,42.23 91.69,41.96 92.43,41.73 C 93.18,41.50 93.94,41.32 94.69,41.19 C 95.45,41.05 96.22,40.96 96.98,40.92 C 97.74,40.87 98.50,40.87 99.25,40.91 C 100.00,40.96 100.75,41.05 101.48,41.18 C 102.21,41.31 102.94,41.48 103.64,41.70 C 104.34,41.91 105.04,42.16 105.70,42.45 C 106.37,42.74 107.02,43.08 107.63,43.44 C 108.25,43.80 108.85,44.20 109.42,44.63 C 109.99,45.06 110.53,45.52 111.03,46.01 C 111.54,46.49 112.02,47.01 112.46,47.54 C 112.90,48.08 113.30,48.64 113.67,49.22 C 114.04,49.80 114.38,50.40 114.68,51.01 C 114.97,51.62 115.23,52.24 115.45,52.88 C 115.67,53.51 115.85,54.16 116.00,54.80 C 116.14,55.45 116.24,56.11 116.31,56.76 C 116.37,57.41 116.40,58.06 116.38,58.71 C 116.37,59.36 116.32,60.00 116.23,60.64 C 116.14,61.27 116.02,61.90 115.86,62.51 C 115.70,63.12 115.50,63.73 115.28,64.31 C 115.05,64.89 114.79,65.46 114.50,66.00 C 114.21,66.55 113.88,67.08 113.53,67.58 C 113.18,68.08 112.80,68.56 112.40,69.01 C 112.00,69.46 111.57,69.89 111.13,70.29 C 110.68,70.68 110.21,71.05 109.73,71.39 C 109.25,71.73 108.74,72.04 108.23,72.31 C 107.71,72.59 107.18,72.83 106.65,73.04 C 106.11,73.25 105.56,73.43 105.01,73.58 C 104.46,73.72 103.90,73.83 103.34,73.91 C 102.78,73.99 102.22,74.03 101.66,74.04 C 101.11,74.05 100.55,74.03 100.00,73.98 C 99.45,73.92 98.91,73.84 98.38,73.72 C 97.84,73.60 97.32,73.46 96.81,73.28 C 96.30,73.10 95.81,72.90 95.33,72.67 C 94.85,72.43 94.38,72.17 93.94,71.89 C 93.50,71.61 93.07,71.30 92.67,70.97 C 92.27,70.64 91.89,70.29 91.53,69.92 C 91.18,69.55 90.84,69.15 90.53,68.75 C 90.23,68.35 89.95,67.92 89.69,67.49 C 89.44,67.06 89.21,66.61 89.01,66.15 C 88.81,65.70 88.64,65.23 88.50,64.76 C 88.35,64.30 88.24,63.82 88.16,63.34 C 88.07,62.86 88.01,62.38 87.98,61.90 C 87.96,61.43 87.96,60.94 87.98,60.47 C 88.01,60.00 88.07,59.53 88.15,59.07 C 88.23,58.61 88.34,58.15 88.48,57.71 C 88.61,57.26 88.77,56.83 88.95,56.41 C 89.14,55.99 89.34,55.58 89.57,55.19 C 89.80,54.80 90.05,54.43 90.32,54.07 C 90.59,53.71 90.88,53.37 91.19,53.05 C 91.50,52.74 91.82,52.44 92.16,52.16 C 92.50,51.88 92.85,51.62 93.21,51.39 C 93.58,51.16 93.95,50.95 94.34,50.76 C 94.72,50.57 95.12,50.41 95.52,50.27 C 95.91,50.13 96.32,50.02 96.73,49.93 C 97.13,49.84 97.55,49.77 97.96,49.73 C 98.37,49.69 98.78,49.68 99.19,49.69 C 99.60,49.69 100.00,49.73 100.40,49.78 C 100.80,49.83 101.20,49.91 101.58,50.01 C 101.97,50.11 102.35,50.24 102.71,50.38 C 103.08,50.52 103.44,50.69 103.78,50.87 C 104.12,51.06 104.46,51.26 104.77,51.48 C 105.09,51.70 105.39,51.94 105.67,52.19 C 105.96,52.44 106.23,52.71 106.48,52.99 C 106.73,53.27 106.96,53.57 107.17,53.87 C 107.39,54.18 107.58,54.50 107.75,54.82 C 107.93,55.14 108.08,55.48 108.21,55.82 C 108.34,56.15 108.46,56.50 108.55,56.85 C 108.64,57.19 108.71,57.55 108.76,57.90 C 108.81,58.25 108.83,58.60 108.84,58.95 C 108.85,59.30 108.81,59.83 108.80,60.00a:["$","path","2",{"d":"$21","fill":"none","stroke":"#7ea4b0","strokeWidth":5.1,"strokeLinecap":"round","opacity":0.85}]
22:T1b8f,M 450.00,380.00 C 449.69,381.94 448.98,387.82 448.14,391.62 C 447.30,395.41 446.22,399.17 444.96,402.80 C 443.69,406.43 442.20,409.99 440.54,413.40 C 438.88,416.82 437.00,420.14 434.97,423.30 C 432.94,426.46 430.72,429.49 428.36,432.36 C 426.00,435.22 423.47,437.95 420.82,440.49 C 418.17,443.02 415.37,445.40 412.47,447.58 C 409.58,449.77 406.55,451.77 403.46,453.58 C 400.37,455.39 397.16,457.01 393.92,458.42 C 390.67,459.83 387.34,461.05 383.99,462.06 C 380.64,463.07 377.23,463.87 373.82,464.48 C 370.42,465.08 366.98,465.47 363.57,465.67 C 360.16,465.86 356.73,465.85 353.37,465.65 C 350.00,465.44 346.64,465.04 343.35,464.44 C 340.07,463.85 336.82,463.06 333.67,462.10 C 330.52,461.14 327.42,459.98 324.44,458.67 C 321.46,457.36 318.55,455.87 315.78,454.24 C 313.00,452.60 310.33,450.80 307.79,448.88 C 305.26,446.95 302.84,444.87 300.58,442.69 C 298.32,440.51 296.18,438.19 294.22,435.78 C 292.25,433.38 290.43,430.85 288.78,428.26 C 287.13,425.68 285.63,422.98 284.31,420.25 C 282.99,417.52 281.84,414.71 280.86,411.87 C 279.88,409.04 279.08,406.14 278.45,403.25 C 277.82,400.35 277.36,397.42 277.08,394.50 C 276.80,391.59 276.69,388.66 276.76,385.76 C 276.82,382.87 277.05,379.98 277.45,377.15 C 277.85,374.32 278.42,371.51 279.13,368.78 C 279.85,366.04 280.74,363.35 281.76,360.75 C 282.78,358.16 283.96,355.62 285.27,353.19 C 286.57,350.76 288.02,348.40 289.59,346.17 C 291.15,343.93 292.85,341.79 294.64,339.78 C 296.44,337.77 298.35,335.87 300.35,334.10 C 302.34,332.33 304.44,330.69 306.60,329.19 C 308.76,327.69 311.02,326.32 313.31,325.09 C 315.61,323.87 317.98,322.79 320.37,321.86 C 322.77,320.92 325.22,320.14 327.68,319.50 C 330.14,318.86 332.64,318.37 335.12,318.03 C 337.61,317.69 340.12,317.51 342.60,317.46 C 345.08,317.42 347.56,317.52 350.00,317.77 C 352.44,318.01 354.86,318.40 357.23,318.93 C 359.59,319.45 361.93,320.12 364.19,320.90 C 366.45,321.69 368.66,322.62 370.79,323.65 C 372.91,324.69 374.98,325.85 376.94,327.12 C 378.91,328.38 380.80,329.77 382.58,331.23 C 384.37,332.70 386.06,334.28 387.64,335.93 C 389.22,337.57 390.70,339.32 392.06,341.12 C 393.42,342.92 394.67,344.81 395.79,346.73 C 396.92,348.66 397.92,350.65 398.80,352.67 C 399.68,354.69 400.44,356.76 401.07,358.85 C 401.70,360.93 402.20,363.05 402.57,365.17 C 402.95,367.29 403.19,369.43 403.32,371.56 C 403.44,373.68 403.43,375.81 403.30,377.91 C 403.18,380.00 402.92,382.09 402.55,384.14 C 402.18,386.18 401.69,388.20 401.09,390.16 C 400.49,392.12 399.78,394.05 398.96,395.91 C 398.14,397.76 397.22,399.57 396.20,401.30 C 395.18,403.02 394.06,404.69 392.86,406.27 C 391.67,407.84 390.37,409.35 389.01,410.76 C 387.66,412.16 386.21,413.49 384.72,414.72 C 383.22,415.94 381.65,417.07 380.04,418.10 C 378.43,419.13 376.75,420.06 375.05,420.88 C 373.35,421.70 371.60,422.42 369.84,423.03 C 368.07,423.64 366.27,424.14 364.47,424.53 C 362.67,424.92 360.84,425.20 359.03,425.38 C 357.21,425.56 355.39,425.62 353.59,425.58 C 351.79,425.54 349.99,425.40 348.23,425.15 C 346.46,424.90 344.72,424.55 343.01,424.10 C 341.31,423.66 339.64,423.10 338.02,422.47 C 336.41,421.83 334.83,421.10 333.31,420.29 C 331.80,419.47 330.34,418.57 328.94,417.60 C 327.55,416.62 326.22,415.57 324.97,414.45 C 323.72,413.33 322.53,412.14 321.44,410.90 C 320.34,409.66 319.31,408.35 318.38,407.01 C 317.44,405.66 316.59,404.26 315.83,402.83 C 315.07,401.40 314.40,399.93 313.82,398.44 C 313.23,396.95 312.74,395.42 312.35,393.89 C 311.95,392.36 311.65,390.81 311.44,389.26 C 311.23,387.71 311.11,386.15 311.08,384.61 C 311.05,383.06 311.12,381.52 311.27,380.00 C 311.42,378.48 311.67,376.97 311.99,375.50 C 312.32,374.03 312.73,372.58 313.22,371.17 C 313.71,369.76 314.29,368.39 314.93,367.06 C 315.58,365.74 316.30,364.46 317.09,363.23 C 317.88,362.01 318.74,360.83 319.65,359.72 C 320.56,358.61 321.55,357.56 322.57,356.57 C 323.60,355.59 324.68,354.67 325.80,353.83 C 326.92,352.98 328.10,352.20 329.30,351.50 C 330.49,350.80 331.73,350.18 332.99,349.63 C 334.25,349.08 335.54,348.61 336.84,348.22 C 338.13,347.83 339.45,347.52 340.77,347.28 C 342.09,347.05 343.42,346.90 344.74,346.82 C 346.07,346.74 347.39,346.75 348.70,346.83 C 350.00,346.91 351.30,347.07 352.57,347.30 C 353.85,347.52 355.10,347.83 356.32,348.20 C 357.55,348.58 358.75,349.02 359.90,349.53 C 361.06,350.04 362.18,350.62 363.25,351.25 C 364.33,351.88 365.37,352.58 366.35,353.32 C 367.33,354.07 368.26,354.87 369.14,355.72 C 370.02,356.57 370.84,357.46 371.60,358.40 C 372.37,359.33 373.07,360.31 373.71,361.31 C 374.35,362.31 374.93,363.35 375.44,364.41 C 375.95,365.47 376.40,366.56 376.78,367.66 C 377.16,368.75 377.47,369.87 377.71,371.00 C 377.96,372.12 378.13,373.25 378.24,374.38 C 378.35,375.51 378.39,376.65 378.37,377.77 C 378.34,378.89 378.25,380.01 378.10,381.10 C 377.94,382.20 377.72,383.29 377.45,384.35 C 377.17,385.41 376.83,386.45 376.43,387.45 C 376.03,388.46 375.58,389.44 375.07,390.38 C 374.57,391.33 374.00,392.24 373.40,393.10 C 372.79,393.97 372.13,394.80 371.44,395.58 C 370.75,396.36 370.00,397.09 369.23,397.78 C 368.46,398.46 367.64,399.10 366.81,399.68 C 365.97,400.26 365.10,400.79 364.21,401.26 C 363.32,401.74 362.40,402.16 361.47,402.52 C 360.55,402.88 359.60,403.19 358.64,403.43 C 357.69,403.68 356.72,403.87 355.76,404.00 C 354.80,404.13 353.83,404.20 352.87,404.22 C 351.91,404.24 350.94,404.20 350.00,404.10 C 349.06,404.01 348.12,403.86 347.20,403.65 C 346.28,403.45 345.38,403.19 344.51,402.89 C 343.63,402.58 342.77,402.22 341.95,401.82 C 341.13,401.42 340.33,400.97 339.56,400.48 C 338.80,399.99 338.07,399.46 337.38,398.89 C 336.69,398.32 336.03,397.71 335.42,397.07 C 334.81,396.43 334.24,395.76 333.71,395.06 C 333.18,394.36 332.70,393.63 332.27,392.89 C 331.83,392.14 331.44,391.37 331.10,390.59 C 330.76,389.80 330.47,389.00 330.22,388.19 C 329.98,387.39 329.78,386.56 329.64,385.74 C 329.49,384.92 329.40,384.09 329.35,383.27 C 329.30,382.45 329.31,381.62 329.36,380.81 C 329.41,380.00 329.50,379.19 329.65,378.40 C 329.79,377.61 329.98,376.82 330.21,376.06 C 330.44,375.30 330.72,374.56 331.04,373.84 C 331.35,373.12 331.71,372.42 332.11,371.75 C 332.50,371.08 332.93,370.44 333.40,369.83 C 333.86,369.22 334.36,368.63 334.89,368.09 C 335.42,367.54 335.98,367.03 336.55,366.55 C 337.13,366.08 337.74,365.64 338.37,365.24 C 338.99,364.85 339.64,364.49 340.30,364.17 C 340.96,363.85 341.63,363.57 342.32,363.34 C 343.00,363.10 343.70,362.91 344.40,362.75 C 345.09,362.60 345.80,362.49 346.50,362.42 C 347.21,362.36 347.91,362.33 348.61,362.35 C 349.31,362.36 350.00,362.42 350.69,362.51 C 351.37,362.61 352.05,362.75 352.71,362.92 C 353.36,363.09 354.01,363.31 354.64,363.55 C 355.27,363.80 355.88,364.08 356.46,364.40 C 357.05,364.71 357.62,365.06 358.15,365.44 C 358.69,365.82 359.21,366.23 359.69,366.66 C 360.18,367.09 360.64,367.55 361.06,368.03 C 361.49,368.51 361.89,369.02 362.25,369.54 C 362.61,370.06 362.94,370.60 363.23,371.16 C 363.53,371.71 363.79,372.28 364.01,372.86 C 364.24,373.44 364.43,374.03 364.58,374.62 C 364.74,375.21 364.85,375.82 364.94,376.41 C 365.02,377.01 365.06,377.62 365.07,378.22 C 365.08,378.81 365.01,379.70 365.00,380.00b:["$","g","1",{"className":"spiral-spin","style":{"transformOrigin":"350px 380px","--spiral-duration":"50s","--spiral-direction":"normal"},"children":[["$","path","0",{"d":"$22","fill":"none","stroke":"#2f3774","strokeWidth":6.8,"strokeLinecap":"round","opacity":0.85}],"$L23","$L24"]}]
25:T1b35,M 735.00,130.00 C 734.62,132.37 733.78,139.59 732.74,144.24 C 731.70,148.90 730.35,153.49 728.76,157.92 C 727.16,162.36 725.27,166.70 723.16,170.84 C 721.05,174.99 718.66,179.01 716.07,182.82 C 713.49,186.62 710.65,190.27 707.64,193.68 C 704.63,197.09 701.40,200.31 698.03,203.28 C 694.66,206.25 691.09,209.00 687.42,211.50 C 683.75,213.99 679.91,216.26 676.00,218.25 C 672.09,220.24 668.05,221.98 663.97,223.45 C 659.89,224.91 655.71,226.12 651.53,227.05 C 647.36,227.99 643.11,228.65 638.89,229.05 C 634.68,229.45 630.44,229.57 626.26,229.44 C 622.08,229.31 617.90,228.91 613.82,228.26 C 609.74,227.61 605.69,226.70 601.77,225.56 C 597.85,224.42 594.00,223.03 590.29,221.43 C 586.59,219.82 582.99,217.98 579.56,215.95 C 576.12,213.92 572.82,211.66 569.71,209.25 C 566.59,206.83 563.63,204.21 560.88,201.46 C 558.13,198.71 555.55,195.77 553.19,192.73 C 550.84,189.70 548.67,186.50 546.74,183.23 C 544.80,179.96 543.08,176.55 541.59,173.11 C 540.10,169.66 538.83,166.11 537.79,162.55 C 536.76,158.99 535.95,155.35 535.38,151.73 C 534.80,148.11 534.46,144.44 534.35,140.82 C 534.24,137.20 534.36,133.56 534.70,130.00 C 535.03,126.44 535.60,122.89 536.37,119.44 C 537.15,115.98 538.14,112.58 539.33,109.29 C 540.51,106.00 541.91,102.78 543.48,99.70 C 545.05,96.63 546.82,93.64 548.74,90.82 C 550.65,88.00 552.76,85.30 554.99,82.77 C 557.22,80.24 559.62,77.85 562.12,75.64 C 564.62,73.44 567.26,71.40 569.99,69.55 C 572.71,67.69 575.56,66.02 578.46,64.54 C 581.36,63.06 584.36,61.77 587.38,60.68 C 590.41,59.59 593.51,58.70 596.61,58.01 C 599.71,57.31 602.86,56.82 605.98,56.53 C 609.11,56.23 612.26,56.14 615.36,56.24 C 618.46,56.33 621.56,56.63 624.59,57.11 C 627.61,57.59 630.61,58.27 633.52,59.11 C 636.43,59.96 639.29,60.99 642.04,62.18 C 644.78,63.37 647.46,64.74 650.00,66.25 C 652.55,67.75 655.00,69.42 657.31,71.21 C 659.61,73.01 661.81,74.95 663.85,76.99 C 665.89,79.03 667.81,81.21 669.56,83.46 C 671.30,85.72 672.91,88.09 674.34,90.52 C 675.78,92.94 677.06,95.47 678.16,98.02 C 679.27,100.58 680.21,103.21 680.98,105.86 C 681.75,108.50 682.35,111.20 682.77,113.88 C 683.20,116.57 683.45,119.29 683.53,121.97 C 683.62,124.66 683.53,127.36 683.28,130.00 C 683.03,132.64 682.60,135.28 682.03,137.84 C 681.46,140.40 680.72,142.93 679.84,145.36 C 678.96,147.80 677.93,150.19 676.76,152.47 C 675.60,154.76 674.29,156.97 672.86,159.06 C 671.44,161.16 669.88,163.16 668.22,165.04 C 666.57,166.91 664.79,168.68 662.94,170.32 C 661.08,171.95 659.12,173.47 657.10,174.84 C 655.08,176.22 652.97,177.46 650.81,178.56 C 648.66,179.65 646.44,180.61 644.20,181.42 C 641.95,182.23 639.65,182.89 637.35,183.40 C 635.05,183.92 632.71,184.28 630.40,184.50 C 628.08,184.72 625.74,184.79 623.44,184.72 C 621.14,184.64 618.84,184.42 616.60,184.07 C 614.35,183.71 612.13,183.21 609.97,182.58 C 607.81,181.96 605.69,181.19 603.65,180.31 C 601.62,179.42 599.63,178.41 597.75,177.29 C 595.86,176.18 594.04,174.93 592.33,173.61 C 590.61,172.28 588.99,170.84 587.47,169.32 C 585.96,167.81 584.54,166.19 583.24,164.52 C 581.94,162.85 580.75,161.09 579.69,159.29 C 578.62,157.49 577.68,155.62 576.85,153.72 C 576.03,151.82 575.34,149.87 574.77,147.91 C 574.20,145.95 573.75,143.95 573.44,141.96 C 573.12,139.96 572.94,137.95 572.87,135.95 C 572.81,133.96 572.88,131.96 573.06,130.00 C 573.25,128.04 573.56,126.09 573.99,124.19 C 574.41,122.29 574.96,120.41 575.61,118.60 C 576.26,116.79 577.03,115.02 577.90,113.33 C 578.76,111.64 579.73,110.00 580.79,108.44 C 581.84,106.89 583.00,105.40 584.23,104.01 C 585.46,102.62 586.78,101.30 588.15,100.09 C 589.53,98.88 590.98,97.75 592.48,96.74 C 593.98,95.72 595.55,94.79 597.14,93.98 C 598.74,93.17 600.39,92.46 602.05,91.86 C 603.72,91.26 605.42,90.77 607.13,90.39 C 608.83,90.01 610.57,89.73 612.29,89.57 C 614.01,89.41 615.74,89.36 617.45,89.41 C 619.15,89.47 620.86,89.63 622.52,89.89 C 624.19,90.16 625.84,90.53 627.44,91.00 C 629.04,91.46 630.61,92.03 632.12,92.68 C 633.64,93.34 635.11,94.09 636.51,94.92 C 637.91,95.75 639.26,96.67 640.53,97.65 C 641.80,98.64 643.01,99.71 644.13,100.83 C 645.25,101.96 646.30,103.15 647.27,104.39 C 648.23,105.64 649.11,106.94 649.90,108.28 C 650.69,109.61 651.40,111.00 652.00,112.41 C 652.61,113.81 653.13,115.26 653.55,116.72 C 653.98,118.17 654.30,119.65 654.54,121.13 C 654.77,122.61 654.91,124.11 654.96,125.58 C 655.00,127.06 654.95,128.55 654.82,130.00 C 654.68,131.45 654.45,132.90 654.13,134.31 C 653.82,135.72 653.41,137.11 652.93,138.45 C 652.44,139.80 651.87,141.11 651.23,142.37 C 650.59,143.62 649.87,144.84 649.09,145.99 C 648.30,147.14 647.44,148.25 646.53,149.28 C 645.62,150.31 644.64,151.29 643.62,152.19 C 642.60,153.08 641.52,153.92 640.41,154.67 C 639.30,155.43 638.14,156.11 636.96,156.72 C 635.77,157.32 634.55,157.85 633.31,158.29 C 632.08,158.74 630.81,159.10 629.55,159.38 C 628.28,159.67 627.00,159.87 625.72,159.99 C 624.45,160.11 623.16,160.15 621.89,160.11 C 620.63,160.07 619.36,159.95 618.13,159.75 C 616.89,159.55 615.67,159.28 614.48,158.93 C 613.29,158.59 612.13,158.16 611.01,157.68 C 609.89,157.19 608.79,156.64 607.76,156.02 C 606.72,155.41 605.72,154.72 604.77,153.99 C 603.83,153.26 602.93,152.47 602.10,151.64 C 601.27,150.80 600.49,149.91 599.77,148.99 C 599.06,148.07 598.41,147.11 597.82,146.11 C 597.23,145.12 596.71,144.09 596.26,143.05 C 595.81,142.01 595.42,140.93 595.11,139.85 C 594.80,138.78 594.55,137.67 594.38,136.58 C 594.21,135.48 594.10,134.37 594.07,133.28 C 594.03,132.18 594.07,131.08 594.17,130.00 C 594.28,128.92 594.45,127.85 594.68,126.80 C 594.92,125.76 595.22,124.72 595.58,123.73 C 595.93,122.73 596.36,121.76 596.83,120.83 C 597.31,119.90 597.84,118.99 598.42,118.14 C 599.01,117.28 599.64,116.47 600.32,115.70 C 600.99,114.93 601.72,114.21 602.48,113.54 C 603.23,112.88 604.03,112.26 604.86,111.70 C 605.68,111.14 606.55,110.63 607.42,110.18 C 608.30,109.73 609.21,109.34 610.12,109.01 C 611.04,108.68 611.98,108.41 612.92,108.20 C 613.86,107.99 614.81,107.84 615.76,107.76 C 616.70,107.67 617.66,107.64 618.59,107.67 C 619.53,107.70 620.47,107.79 621.39,107.93 C 622.30,108.08 623.21,108.28 624.09,108.54 C 624.97,108.79 625.84,109.11 626.67,109.47 C 627.50,109.83 628.31,110.24 629.08,110.70 C 629.85,111.15 630.60,111.66 631.29,112.20 C 631.99,112.74 632.66,113.33 633.28,113.95 C 633.89,114.57 634.47,115.23 635.00,115.91 C 635.53,116.59 636.02,117.31 636.45,118.05 C 636.89,118.78 637.27,119.54 637.61,120.32 C 637.94,121.09 638.23,121.89 638.46,122.69 C 638.69,123.49 638.88,124.31 639.00,125.12 C 639.13,125.93 639.21,126.76 639.23,127.57 C 639.26,128.38 639.23,129.20 639.16,130.00 C 639.08,130.80 638.95,131.60 638.78,132.37 C 638.61,133.15 638.38,133.91 638.12,134.65 C 637.85,135.39 637.54,136.11 637.19,136.80 C 636.83,137.50 636.44,138.16 636.00,138.80 C 635.57,139.43 635.10,140.04 634.60,140.61 C 634.10,141.18 633.56,141.71 633.00,142.21 C 632.44,142.70 631.84,143.16 631.23,143.58 C 630.62,143.99 629.98,144.37 629.33,144.70 C 628.68,145.03 628.00,145.32 627.33,145.57 C 626.65,145.81 625.60,146.07 625.25,146.17c:["$","g","2",{"className":"spiral-spin","style":{"transformOrigin":"620px 130px","--spiral-duration":"55s","--spiral-direction":"reverse"},"children":[["$","path","0",{"d":"$25","fill":"none","stroke":"#2f3774","strokeWidth":7.6499999999999995,"strokeLinecap":"round","opacity":0.85}],"$L26","$L27"]}]
28:T1b8f,M 905.00,340.00 C 904.78,341.36 904.28,345.47 903.70,348.14 C 903.12,350.80 902.39,353.43 901.54,355.99 C 900.68,358.55 899.68,361.05 898.56,363.47 C 897.44,365.89 896.18,368.25 894.82,370.50 C 893.46,372.76 891.97,374.94 890.39,377.01 C 888.81,379.07 887.11,381.05 885.33,382.92 C 883.55,384.78 881.66,386.54 879.71,388.17 C 877.76,389.81 875.72,391.33 873.62,392.73 C 871.53,394.12 869.35,395.40 867.14,396.55 C 864.93,397.69 862.66,398.71 860.36,399.59 C 858.07,400.48 855.72,401.23 853.37,401.85 C 851.02,402.47 848.63,402.96 846.26,403.32 C 843.88,403.67 841.48,403.89 839.11,403.98 C 836.73,404.07 834.35,404.03 832.01,403.86 C 829.66,403.69 827.33,403.39 825.04,402.97 C 822.76,402.55 820.50,402.00 818.30,401.34 C 816.10,400.67 813.94,399.89 811.85,399.00 C 809.76,398.11 807.72,397.11 805.76,396.01 C 803.81,394.91 801.91,393.70 800.11,392.41 C 798.30,391.11 796.57,389.72 794.94,388.25 C 793.31,386.79 791.76,385.23 790.32,383.61 C 788.87,382.00 787.52,380.30 786.27,378.55 C 785.03,376.80 783.88,374.99 782.85,373.14 C 781.82,371.29 780.89,369.38 780.07,367.45 C 779.26,365.52 778.55,363.54 777.96,361.55 C 777.37,359.57 776.89,357.55 776.53,355.54 C 776.16,353.52 775.91,351.48 775.77,349.46 C 775.63,347.44 775.60,345.42 775.68,343.42 C 775.77,341.42 775.96,339.42 776.26,337.47 C 776.55,335.51 776.96,333.57 777.46,331.68 C 777.97,329.79 778.58,327.93 779.28,326.12 C 779.98,324.32 780.78,322.56 781.66,320.86 C 782.55,319.17 783.53,317.52 784.58,315.95 C 785.63,314.38 786.77,312.87 787.98,311.44 C 789.18,310.01 790.47,308.65 791.80,307.38 C 793.14,306.10 794.55,304.91 796.01,303.80 C 797.46,302.69 798.98,301.67 800.52,300.74 C 802.07,299.81 803.67,298.97 805.29,298.23 C 806.92,297.48 808.58,296.83 810.26,296.27 C 811.93,295.71 813.64,295.25 815.34,294.89 C 817.05,294.52 818.77,294.25 820.49,294.08 C 822.21,293.91 823.93,293.83 825.64,293.85 C 827.34,293.86 829.05,293.97 830.72,294.17 C 832.39,294.37 834.06,294.67 835.68,295.05 C 837.30,295.43 838.90,295.90 840.46,296.44 C 842.01,296.99 843.53,297.63 845.00,298.33 C 846.47,299.04 847.90,299.83 849.26,300.68 C 850.63,301.54 851.94,302.47 853.19,303.46 C 854.44,304.44 855.63,305.50 856.75,306.61 C 857.87,307.71 858.93,308.88 859.91,310.09 C 860.89,311.30 861.80,312.56 862.64,313.85 C 863.47,315.15 864.23,316.49 864.91,317.85 C 865.58,319.21 866.19,320.61 866.70,322.02 C 867.22,323.43 867.66,324.87 868.02,326.31 C 868.37,327.76 868.65,329.22 868.84,330.67 C 869.04,332.13 869.15,333.60 869.18,335.05 C 869.21,336.50 869.16,337.96 869.04,339.39 C 868.91,340.82 868.70,342.24 868.43,343.63 C 868.15,345.02 867.79,346.40 867.36,347.74 C 866.94,349.08 866.44,350.39 865.88,351.66 C 865.31,352.93 864.68,354.16 863.99,355.35 C 863.30,356.53 862.54,357.68 861.73,358.77 C 860.93,359.86 860.06,360.90 859.15,361.88 C 858.24,362.87 857.27,363.80 856.27,364.67 C 855.27,365.53 854.21,366.34 853.14,367.09 C 852.06,367.83 850.94,368.51 849.80,369.13 C 848.65,369.74 847.48,370.29 846.29,370.77 C 845.10,371.25 843.89,371.66 842.67,372.00 C 841.45,372.35 840.21,372.62 838.98,372.82 C 837.74,373.03 836.50,373.16 835.26,373.23 C 834.03,373.29 832.79,373.29 831.57,373.22 C 830.35,373.15 829.13,373.01 827.94,372.81 C 826.74,372.61 825.56,372.35 824.41,372.02 C 823.26,371.69 822.13,371.30 821.03,370.86 C 819.94,370.41 818.87,369.91 817.84,369.35 C 816.82,368.79 815.82,368.18 814.87,367.52 C 813.92,366.86 813.01,366.15 812.15,365.40 C 811.29,364.65 810.47,363.85 809.70,363.02 C 808.94,362.19 808.22,361.32 807.56,360.42 C 806.89,359.52 806.28,358.59 805.73,357.63 C 805.18,356.68 804.68,355.69 804.24,354.69 C 803.80,353.70 803.41,352.67 803.09,351.64 C 802.77,350.62 802.50,349.57 802.29,348.52 C 802.09,347.48 801.94,346.42 801.85,345.37 C 801.76,344.32 801.73,343.26 801.76,342.22 C 801.78,341.18 801.87,340.14 802.01,339.12 C 802.14,338.10 802.34,337.09 802.59,336.10 C 802.83,335.11 803.14,334.14 803.49,333.19 C 803.84,332.25 804.24,331.32 804.69,330.43 C 805.13,329.54 805.63,328.68 806.16,327.85 C 806.70,327.03 807.28,326.23 807.89,325.48 C 808.51,324.73 809.17,324.01 809.85,323.33 C 810.54,322.66 811.26,322.02 812.01,321.44 C 812.76,320.85 813.54,320.30 814.34,319.81 C 815.14,319.31 815.96,318.86 816.80,318.46 C 817.64,318.06 818.50,317.70 819.37,317.40 C 820.23,317.10 821.12,316.84 822.00,316.64 C 822.89,316.44 823.78,316.28 824.67,316.18 C 825.57,316.07 826.46,316.02 827.35,316.01 C 828.24,316.01 829.13,316.05 830.00,316.14 C 830.87,316.23 831.74,316.37 832.59,316.56 C 833.44,316.74 834.27,316.97 835.09,317.24 C 835.90,317.52 836.70,317.83 837.47,318.19 C 838.24,318.55 838.99,318.95 839.70,319.38 C 840.42,319.81 841.11,320.29 841.77,320.79 C 842.43,321.29 843.06,321.83 843.65,322.40 C 844.24,322.97 844.80,323.57 845.32,324.19 C 845.84,324.81 846.33,325.46 846.77,326.12 C 847.22,326.79 847.62,327.48 847.99,328.18 C 848.35,328.89 848.68,329.61 848.96,330.34 C 849.24,331.07 849.48,331.82 849.68,332.57 C 849.87,333.31 850.03,334.07 850.14,334.83 C 850.25,335.59 850.32,336.35 850.35,337.10 C 850.38,337.86 850.37,338.62 850.31,339.36 C 850.26,340.11 850.16,340.85 850.03,341.58 C 849.90,342.30 849.72,343.02 849.51,343.72 C 849.30,344.42 849.05,345.11 848.77,345.77 C 848.49,346.44 848.17,347.09 847.82,347.71 C 847.47,348.33 847.08,348.94 846.67,349.51 C 846.26,350.08 845.82,350.63 845.35,351.15 C 844.88,351.67 844.39,352.16 843.87,352.62 C 843.36,353.08 842.82,353.51 842.26,353.91 C 841.71,354.31 841.13,354.67 840.54,355.00 C 839.95,355.33 839.35,355.62 838.73,355.88 C 838.12,356.14 837.49,356.37 836.86,356.55 C 836.23,356.74 835.58,356.89 834.94,357.01 C 834.30,357.13 833.65,357.21 833.01,357.25 C 832.37,357.30 831.72,357.30 831.09,357.28 C 830.45,357.25 829.82,357.19 829.19,357.10 C 828.57,357.00 827.95,356.87 827.35,356.71 C 826.75,356.55 826.16,356.36 825.59,356.13 C 825.01,355.91 824.45,355.66 823.91,355.38 C 823.37,355.09 822.85,354.78 822.35,354.45 C 821.85,354.11 821.37,353.75 820.92,353.37 C 820.46,352.98 820.03,352.58 819.62,352.15 C 819.22,351.72 818.84,351.28 818.48,350.81 C 818.13,350.35 817.81,349.87 817.51,349.38 C 817.22,348.88 816.95,348.37 816.71,347.86 C 816.47,347.34 816.27,346.81 816.09,346.28 C 815.91,345.75 815.77,345.21 815.65,344.66 C 815.53,344.12 815.45,343.57 815.39,343.03 C 815.34,342.48 815.31,341.93 815.32,341.39 C 815.32,340.85 815.36,340.30 815.42,339.77 C 815.49,339.24 815.58,338.71 815.70,338.19 C 815.82,337.68 815.97,337.17 816.14,336.67 C 816.32,336.18 816.52,335.69 816.75,335.23 C 816.97,334.76 817.22,334.31 817.49,333.87 C 817.77,333.44 818.06,333.02 818.38,332.62 C 818.69,332.23 819.03,331.85 819.38,331.49 C 819.73,331.13 820.10,330.80 820.49,330.49 C 820.87,330.17 821.27,329.88 821.68,329.62 C 822.09,329.35 822.52,329.11 822.95,328.90 C 823.39,328.68 823.83,328.49 824.28,328.32 C 824.73,328.16 825.19,328.02 825.65,327.91 C 826.10,327.79 826.57,327.71 827.03,327.64 C 827.50,327.58 827.96,327.55 828.43,327.54 C 828.89,327.53 829.35,327.54 829.80,327.58 C 830.26,327.62 830.71,327.69 831.16,327.78 C 831.60,327.87 832.04,327.98 832.46,328.11 C 832.89,328.25 833.50,328.51 833.71,328.59d:["$","g","3",{"className":"spiral-spin","style":{"transformOrigin":"830px 340px","--spiral-duration":"40s","--spiral-direction":"reverse"},"children":[["$","path","0",{"d":"$28","fill":"none","stroke":"#2f3774","strokeWidth":5.1,"strokeLinecap":"round","opacity":0.85}],"$L29","$L2a"]}]
2b:T1b9b,M 1130.00,50.00 C 1129.80,51.27 1129.32,55.11 1128.78,57.59 C 1128.24,60.08 1127.55,62.54 1126.75,64.92 C 1125.95,67.31 1125.01,69.64 1123.97,71.90 C 1122.92,74.16 1121.75,76.35 1120.47,78.46 C 1119.20,80.56 1117.81,82.59 1116.33,84.52 C 1114.85,86.45 1113.26,88.29 1111.60,90.03 C 1109.94,91.76 1108.18,93.40 1106.36,94.93 C 1104.54,96.45 1102.63,97.87 1100.68,99.17 C 1098.72,100.47 1096.69,101.66 1094.63,102.72 C 1092.57,103.79 1090.45,104.74 1088.31,105.56 C 1086.17,106.38 1083.98,107.08 1081.79,107.66 C 1079.59,108.23 1077.37,108.69 1075.15,109.01 C 1072.94,109.34 1070.70,109.55 1068.49,109.63 C 1066.27,109.71 1064.05,109.67 1061.87,109.51 C 1059.69,109.35 1057.51,109.06 1055.38,108.67 C 1053.25,108.28 1051.15,107.76 1049.10,107.14 C 1047.05,106.53 1045.04,105.79 1043.09,104.96 C 1041.15,104.13 1039.25,103.19 1037.42,102.17 C 1035.60,101.14 1033.84,100.01 1032.16,98.81 C 1030.48,97.60 1028.87,96.30 1027.35,94.94 C 1025.83,93.57 1024.39,92.12 1023.05,90.61 C 1021.70,89.10 1020.45,87.52 1019.29,85.89 C 1018.13,84.26 1017.07,82.57 1016.11,80.85 C 1015.15,79.12 1014.28,77.35 1013.53,75.55 C 1012.77,73.75 1012.12,71.91 1011.57,70.06 C 1011.02,68.21 1010.58,66.33 1010.24,64.46 C 1009.90,62.58 1009.67,60.69 1009.54,58.81 C 1009.41,56.93 1009.39,55.04 1009.47,53.18 C 1009.54,51.32 1009.73,49.46 1010.00,47.64 C 1010.28,45.82 1010.66,44.02 1011.13,42.26 C 1011.60,40.50 1012.17,38.77 1012.83,37.09 C 1013.48,35.42 1014.23,33.78 1015.05,32.20 C 1015.87,30.63 1016.79,29.10 1017.77,27.64 C 1018.75,26.18 1019.81,24.77 1020.93,23.45 C 1022.05,22.12 1023.25,20.86 1024.49,19.67 C 1025.74,18.49 1027.05,17.38 1028.40,16.35 C 1029.75,15.32 1031.16,14.37 1032.60,13.51 C 1034.04,12.65 1035.53,11.87 1037.04,11.18 C 1038.55,10.49 1040.10,9.88 1041.65,9.36 C 1043.21,8.85 1044.80,8.42 1046.38,8.08 C 1047.97,7.75 1049.57,7.50 1051.17,7.34 C 1052.76,7.18 1054.36,7.11 1055.95,7.13 C 1057.53,7.14 1059.11,7.25 1060.67,7.44 C 1062.22,7.62 1063.77,7.90 1065.27,8.25 C 1066.78,8.60 1068.27,9.04 1069.71,9.55 C 1071.15,10.06 1072.57,10.66 1073.93,11.31 C 1075.29,11.97 1076.61,12.71 1077.88,13.50 C 1079.15,14.29 1080.37,15.16 1081.53,16.08 C 1082.69,16.99 1083.79,17.98 1084.83,19.00 C 1085.87,20.03 1086.85,21.12 1087.76,22.24 C 1088.67,23.36 1089.52,24.53 1090.29,25.74 C 1091.06,26.94 1091.76,28.18 1092.39,29.44 C 1093.02,30.71 1093.57,32.01 1094.05,33.32 C 1094.53,34.63 1094.94,35.96 1095.27,37.30 C 1095.60,38.64 1095.85,40.00 1096.03,41.35 C 1096.21,42.70 1096.31,44.06 1096.34,45.41 C 1096.37,46.76 1096.32,48.10 1096.20,49.43 C 1096.08,50.76 1095.89,52.08 1095.63,53.37 C 1095.37,54.66 1095.04,55.93 1094.64,57.17 C 1094.25,58.41 1093.78,59.63 1093.26,60.81 C 1092.74,61.98 1092.15,63.13 1091.51,64.23 C 1090.87,65.32 1090.16,66.39 1089.41,67.39 C 1088.66,68.40 1087.86,69.37 1087.01,70.28 C 1086.17,71.19 1085.27,72.05 1084.34,72.86 C 1083.41,73.66 1082.44,74.41 1081.44,75.10 C 1080.44,75.79 1079.40,76.42 1078.34,76.98 C 1077.28,77.55 1076.19,78.06 1075.09,78.50 C 1073.99,78.95 1072.87,79.33 1071.74,79.64 C 1070.61,79.96 1069.46,80.21 1068.32,80.40 C 1067.17,80.58 1066.02,80.71 1064.87,80.77 C 1063.73,80.83 1062.58,80.82 1061.45,80.76 C 1060.32,80.69 1059.19,80.57 1058.09,80.38 C 1056.98,80.19 1055.89,79.94 1054.83,79.64 C 1053.76,79.34 1052.71,78.97 1051.70,78.56 C 1050.69,78.15 1049.70,77.68 1048.75,77.16 C 1047.80,76.65 1046.88,76.08 1046.00,75.47 C 1045.12,74.86 1044.28,74.20 1043.48,73.50 C 1042.68,72.81 1041.93,72.07 1041.22,71.30 C 1040.51,70.53 1039.85,69.72 1039.24,68.89 C 1038.63,68.06 1038.06,67.19 1037.55,66.31 C 1037.04,65.43 1036.58,64.51 1036.17,63.59 C 1035.77,62.67 1035.41,61.72 1035.12,60.77 C 1034.82,59.82 1034.57,58.85 1034.38,57.88 C 1034.19,56.91 1034.06,55.94 1033.97,54.96 C 1033.89,53.99 1033.87,53.02 1033.89,52.05 C 1033.92,51.09 1034.00,50.13 1034.12,49.19 C 1034.25,48.24 1034.44,47.31 1034.66,46.39 C 1034.89,45.48 1035.17,44.58 1035.50,43.71 C 1035.82,42.84 1036.20,41.98 1036.61,41.16 C 1037.02,40.34 1037.48,39.54 1037.98,38.78 C 1038.47,38.02 1039.01,37.28 1039.58,36.59 C 1040.15,35.89 1040.76,35.23 1041.39,34.60 C 1042.02,33.98 1042.69,33.40 1043.39,32.85 C 1044.08,32.31 1044.80,31.81 1045.54,31.35 C 1046.27,30.89 1047.04,30.48 1047.81,30.11 C 1048.58,29.74 1049.38,29.41 1050.18,29.13 C 1050.98,28.85 1051.80,28.62 1052.62,28.43 C 1053.43,28.25 1054.26,28.10 1055.08,28.01 C 1055.91,27.91 1056.74,27.86 1057.56,27.86 C 1058.37,27.86 1059.19,27.90 1060.00,27.98 C 1060.81,28.07 1061.61,28.20 1062.39,28.37 C 1063.17,28.54 1063.94,28.75 1064.69,29.00 C 1065.44,29.26 1066.18,29.55 1066.89,29.88 C 1067.60,30.21 1068.29,30.58 1068.95,30.98 C 1069.61,31.38 1070.25,31.82 1070.86,32.28 C 1071.46,32.75 1072.04,33.25 1072.59,33.77 C 1073.14,34.29 1073.65,34.85 1074.13,35.42 C 1074.61,35.99 1075.06,36.59 1075.47,37.21 C 1075.87,37.82 1076.25,38.46 1076.58,39.11 C 1076.92,39.75 1077.22,40.42 1077.48,41.10 C 1077.73,41.77 1077.95,42.46 1078.14,43.15 C 1078.32,43.84 1078.46,44.54 1078.56,45.23 C 1078.67,45.93 1078.73,46.63 1078.76,47.33 C 1078.78,48.03 1078.77,48.72 1078.72,49.41 C 1078.67,50.10 1078.58,50.78 1078.45,51.45 C 1078.33,52.12 1078.17,52.78 1077.97,53.43 C 1077.78,54.07 1077.55,54.71 1077.29,55.32 C 1077.03,55.93 1076.73,56.53 1076.41,57.10 C 1076.09,57.67 1075.73,58.23 1075.35,58.76 C 1074.97,59.28 1074.56,59.79 1074.13,60.27 C 1073.70,60.75 1073.25,61.20 1072.77,61.62 C 1072.30,62.05 1071.80,62.44 1071.29,62.81 C 1070.78,63.17 1070.25,63.50 1069.70,63.81 C 1069.16,64.11 1068.60,64.38 1068.04,64.62 C 1067.47,64.86 1066.89,65.06 1066.31,65.23 C 1065.73,65.41 1065.14,65.55 1064.55,65.65 C 1063.96,65.76 1063.36,65.83 1062.77,65.87 C 1062.18,65.91 1061.59,65.92 1061.00,65.90 C 1060.41,65.87 1059.83,65.81 1059.26,65.73 C 1058.69,65.64 1058.12,65.52 1057.57,65.37 C 1057.01,65.22 1056.47,65.04 1055.94,64.84 C 1055.41,64.63 1054.90,64.40 1054.40,64.14 C 1053.91,63.88 1053.43,63.59 1052.97,63.28 C 1052.51,62.98 1052.07,62.64 1051.65,62.29 C 1051.23,61.94 1050.83,61.56 1050.46,61.17 C 1050.09,60.78 1049.74,60.36 1049.42,59.94 C 1049.09,59.51 1048.79,59.07 1048.52,58.62 C 1048.25,58.16 1048.01,57.70 1047.79,57.22 C 1047.57,56.75 1047.38,56.26 1047.22,55.77 C 1047.06,55.28 1046.92,54.78 1046.82,54.28 C 1046.71,53.79 1046.63,53.28 1046.58,52.78 C 1046.53,52.28 1046.51,51.77 1046.51,51.27 C 1046.52,50.78 1046.55,50.28 1046.61,49.79 C 1046.67,49.30 1046.76,48.82 1046.87,48.34 C 1046.98,47.87 1047.12,47.40 1047.28,46.95 C 1047.44,46.49 1047.62,46.05 1047.83,45.62 C 1048.04,45.19 1048.27,44.77 1048.52,44.38 C 1048.77,43.98 1049.04,43.59 1049.33,43.23 C 1049.62,42.86 1049.93,42.52 1050.25,42.19 C 1050.57,41.86 1050.92,41.55 1051.27,41.27 C 1051.62,40.98 1051.99,40.72 1052.37,40.47 C 1052.75,40.23 1053.14,40.01 1053.53,39.81 C 1053.93,39.61 1054.34,39.44 1054.75,39.29 C 1055.16,39.14 1055.59,39.01 1056.01,38.91 C 1056.43,38.80 1056.85,38.72 1057.28,38.67 C 1057.70,38.61 1058.13,38.58 1058.56,38.57 C 1058.98,38.56 1059.40,38.58 1059.82,38.61 C 1060.24,38.65 1060.65,38.71 1061.06,38.79 C 1061.47,38.87 1061.87,38.98 1062.26,39.10 C 1062.65,39.23 1063.21,39.47 1063.40,39.54e:["$","g","4",{"className":"spiral-spin","style":{"transformOrigin":"1060px 50px","--spiral-duration":"42s","--spiral-direction":"normal"},"children":[["$","path","0",{"d":"$2b","fill":"none","stroke":"#2f3774","strokeWidth":5.1,"strokeLinecap":"round","opacity":0.85}],"$L2c","$L2d"]}]
2e:T1d70,M 1360.00,400.00 C 1359.69,401.94 1358.98,407.82 1358.14,411.62 C 1357.30,415.41 1356.22,419.17 1354.96,422.80 C 1353.69,426.43 1352.20,429.99 1350.54,433.40 C 1348.88,436.82 1347.00,440.14 1344.97,443.30 C 1342.94,446.46 1340.72,449.49 1338.36,452.36 C 1336.00,455.22 1333.47,457.95 1330.82,460.49 C 1328.17,463.02 1325.37,465.40 1322.47,467.58 C 1319.58,469.77 1316.55,471.77 1313.46,473.58 C 1310.37,475.39 1307.16,477.01 1303.92,478.42 C 1300.67,479.83 1297.34,481.05 1293.99,482.06 C 1290.64,483.07 1287.23,483.87 1283.82,484.48 C 1280.42,485.08 1276.98,485.47 1273.57,485.67 C 1270.16,485.86 1266.73,485.85 1263.37,485.65 C 1260.00,485.44 1256.64,485.04 1253.35,484.44 C 1250.07,483.85 1246.82,483.06 1243.67,482.10 C 1240.52,481.14 1237.42,479.98 1234.44,478.67 C 1231.46,477.36 1228.55,475.87 1225.78,474.24 C 1223.00,472.60 1220.33,470.80 1217.79,468.88 C 1215.26,466.95 1212.84,464.87 1210.58,462.69 C 1208.32,460.51 1206.18,458.19 1204.22,455.78 C 1202.25,453.38 1200.43,450.85 1198.78,448.26 C 1197.13,445.68 1195.63,442.98 1194.31,440.25 C 1192.99,437.52 1191.84,434.71 1190.86,431.87 C 1189.88,429.04 1189.08,426.14 1188.45,423.25 C 1187.82,420.35 1187.36,417.42 1187.08,414.50 C 1186.80,411.59 1186.69,408.66 1186.76,405.76 C 1186.82,402.87 1187.05,399.98 1187.45,397.15 C 1187.85,394.32 1188.42,391.51 1189.13,388.78 C 1189.85,386.04 1190.74,383.35 1191.76,380.75 C 1192.78,378.16 1193.96,375.62 1195.27,373.19 C 1196.57,370.76 1198.02,368.40 1199.59,366.17 C 1201.15,363.93 1202.85,361.79 1204.64,359.78 C 1206.44,357.77 1208.35,355.87 1210.35,354.10 C 1212.34,352.33 1214.44,350.69 1216.60,349.19 C 1218.76,347.69 1221.02,346.32 1223.31,345.09 C 1225.61,343.87 1227.98,342.79 1230.37,341.86 C 1232.77,340.92 1235.22,340.14 1237.68,339.50 C 1240.14,338.86 1242.64,338.37 1245.12,338.03 C 1247.61,337.69 1250.12,337.51 1252.60,337.46 C 1255.08,337.42 1257.56,337.52 1260.00,337.77 C 1262.44,338.01 1264.86,338.40 1267.23,338.93 C 1269.59,339.45 1271.93,340.12 1274.19,340.90 C 1276.45,341.69 1278.66,342.62 1280.79,343.65 C 1282.91,344.69 1284.98,345.85 1286.94,347.12 C 1288.91,348.38 1290.80,349.77 1292.58,351.23 C 1294.37,352.70 1296.06,354.28 1297.64,355.93 C 1299.22,357.57 1300.70,359.32 1302.06,361.12 C 1303.42,362.92 1304.67,364.81 1305.79,366.73 C 1306.92,368.66 1307.92,370.65 1308.80,372.67 C 1309.68,374.69 1310.44,376.76 1311.07,378.85 C 1311.70,380.93 1312.20,383.05 1312.57,385.17 C 1312.95,387.29 1313.19,389.43 1313.32,391.56 C 1313.44,393.68 1313.43,395.81 1313.30,397.91 C 1313.18,400.00 1312.92,402.09 1312.55,404.14 C 1312.18,406.18 1311.69,408.20 1311.09,410.16 C 1310.49,412.12 1309.78,414.05 1308.96,415.91 C 1308.14,417.76 1307.22,419.57 1306.20,421.30 C 1305.18,423.02 1304.06,424.69 1302.86,426.27 C 1301.67,427.84 1300.37,429.35 1299.01,430.76 C 1297.66,432.16 1296.21,433.49 1294.72,434.72 C 1293.22,435.94 1291.65,437.07 1290.04,438.10 C 1288.43,439.13 1286.75,440.06 1285.05,440.88 C 1283.35,441.70 1281.60,442.42 1279.84,443.03 C 1278.07,443.64 1276.27,444.14 1274.47,444.53 C 1272.67,444.92 1270.84,445.20 1269.03,445.38 C 1267.21,445.56 1265.39,445.62 1263.59,445.58 C 1261.79,445.54 1259.99,445.40 1258.23,445.15 C 1256.46,444.90 1254.72,444.55 1253.01,444.10 C 1251.31,443.66 1249.64,443.10 1248.02,442.47 C 1246.41,441.83 1244.83,441.10 1243.31,440.29 C 1241.80,439.47 1240.34,438.57 1238.94,437.60 C 1237.55,436.62 1236.22,435.57 1234.97,434.45 C 1233.72,433.33 1232.53,432.14 1231.44,430.90 C 1230.34,429.66 1229.31,428.35 1228.38,427.01 C 1227.44,425.66 1226.59,424.26 1225.83,422.83 C 1225.07,421.40 1224.40,419.93 1223.82,418.44 C 1223.23,416.95 1222.74,415.42 1222.35,413.89 C 1221.95,412.36 1221.65,410.81 1221.44,409.26 C 1221.23,407.71 1221.11,406.15 1221.08,404.61 C 1221.05,403.06 1221.12,401.52 1221.27,400.00 C 1221.42,398.48 1221.67,396.97 1221.99,395.50 C 1222.32,394.03 1222.73,392.58 1223.22,391.17 C 1223.71,389.76 1224.29,388.39 1224.93,387.06 C 1225.58,385.74 1226.30,384.46 1227.09,383.23 C 1227.88,382.01 1228.74,380.83 1229.65,379.72 C 1230.56,378.61 1231.55,377.56 1232.57,376.57 C 1233.60,375.59 1234.68,374.67 1235.80,373.83 C 1236.92,372.98 1238.10,372.20 1239.30,371.50 C 1240.49,370.80 1241.73,370.18 1242.99,369.63 C 1244.25,369.08 1245.54,368.61 1246.84,368.22 C 1248.13,367.83 1249.45,367.52 1250.77,367.28 C 1252.09,367.05 1253.42,366.90 1254.74,366.82 C 1256.07,366.74 1257.39,366.75 1258.70,366.83 C 1260.00,366.91 1261.30,367.07 1262.57,367.30 C 1263.85,367.52 1265.10,367.83 1266.32,368.20 C 1267.55,368.58 1268.75,369.02 1269.90,369.53 C 1271.06,370.04 1272.18,370.62 1273.25,371.25 C 1274.33,371.88 1275.37,372.58 1276.35,373.32 C 1277.33,374.07 1278.26,374.87 1279.14,375.72 C 1280.02,376.57 1280.84,377.46 1281.60,378.40 C 1282.37,379.33 1283.07,380.31 1283.71,381.31 C 1284.35,382.31 1284.93,383.35 1285.44,384.41 C 1285.95,385.47 1286.40,386.56 1286.78,387.66 C 1287.16,388.75 1287.47,389.87 1287.71,391.00 C 1287.96,392.12 1288.13,393.25 1288.24,394.38 C 1288.35,395.51 1288.39,396.65 1288.37,397.77 C 1288.34,398.89 1288.25,400.01 1288.10,401.10 C 1287.94,402.20 1287.72,403.29 1287.45,404.35 C 1287.17,405.41 1286.83,406.45 1286.43,407.45 C 1286.03,408.46 1285.58,409.44 1285.07,410.38 C 1284.57,411.33 1284.00,412.24 1283.40,413.10 C 1282.79,413.97 1282.13,414.80 1281.44,415.58 C 1280.75,416.36 1280.00,417.09 1279.23,417.78 C 1278.46,418.46 1277.64,419.10 1276.81,419.68 C 1275.97,420.26 1275.10,420.79 1274.21,421.26 C 1273.32,421.74 1272.40,422.16 1271.47,422.52 C 1270.55,422.88 1269.60,423.19 1268.64,423.43 C 1267.69,423.68 1266.72,423.87 1265.76,424.00 C 1264.80,424.13 1263.83,424.20 1262.87,424.22 C 1261.91,424.24 1260.94,424.20 1260.00,424.10 C 1259.06,424.01 1258.12,423.86 1257.20,423.65 C 1256.28,423.45 1255.38,423.19 1254.51,422.89 C 1253.63,422.58 1252.77,422.22 1251.95,421.82 C 1251.13,421.42 1250.33,420.97 1249.56,420.48 C 1248.80,419.99 1248.07,419.46 1247.38,418.89 C 1246.69,418.32 1246.03,417.71 1245.42,417.07 C 1244.81,416.43 1244.24,415.76 1243.71,415.06 C 1243.18,414.36 1242.70,413.63 1242.27,412.89 C 1241.83,412.14 1241.44,411.37 1241.10,410.59 C 1240.76,409.80 1240.47,409.00 1240.22,408.19 C 1239.98,407.39 1239.78,406.56 1239.64,405.74 C 1239.49,404.92 1239.40,404.09 1239.35,403.27 C 1239.30,402.45 1239.31,401.62 1239.36,400.81 C 1239.41,400.00 1239.50,399.19 1239.65,398.40 C 1239.79,397.61 1239.98,396.82 1240.21,396.06 C 1240.44,395.30 1240.72,394.56 1241.04,393.84 C 1241.35,393.12 1241.71,392.42 1242.11,391.75 C 1242.50,391.08 1242.93,390.44 1243.40,389.83 C 1243.86,389.22 1244.36,388.63 1244.89,388.09 C 1245.42,387.54 1245.98,387.03 1246.55,386.55 C 1247.13,386.08 1247.74,385.64 1248.37,385.24 C 1248.99,384.85 1249.64,384.49 1250.30,384.17 C 1250.96,383.85 1251.63,383.57 1252.32,383.34 C 1253.00,383.10 1253.70,382.91 1254.40,382.75 C 1255.09,382.60 1255.80,382.49 1256.50,382.42 C 1257.21,382.36 1257.91,382.33 1258.61,382.35 C 1259.31,382.36 1260.00,382.42 1260.69,382.51 C 1261.37,382.61 1262.05,382.75 1262.71,382.92 C 1263.36,383.09 1264.01,383.31 1264.64,383.55 C 1265.27,383.80 1265.88,384.08 1266.46,384.40 C 1267.05,384.71 1267.62,385.06 1268.15,385.44 C 1268.69,385.82 1269.21,386.23 1269.69,386.66 C 1270.18,387.09 1270.64,387.55 1271.06,388.03 C 1271.49,388.51 1271.89,389.02 1272.25,389.54 C 1272.61,390.06 1272.94,390.60 1273.23,391.16 C 1273.53,391.71 1273.79,392.28 1274.01,392.86 C 1274.24,393.44 1274.43,394.03 1274.58,394.62 C 1274.74,395.21 1274.85,395.82 1274.94,396.41 C 1275.02,397.01 1275.06,397.62 1275.07,398.22 C 1275.08,398.81 1275.01,399.70 1275.00,400.00f:["$","g","5",{"className":"spiral-spin","style":{"transformOrigin":"1260px 400px","--spiral-duration":"47s","--spiral-direction":"normal"},"children":[["$","path","0",{"d":"$2e","fill":"none","stroke":"#2f3774","strokeWidth":6.8,"strokeLinecap":"round","opacity":0.85}],"$L2f","$L30"]}]
31:T1d46,M 1610.00,160.00 C 1609.48,163.29 1608.35,173.29 1606.89,179.73 C 1605.43,186.17 1603.53,192.53 1601.25,198.64 C 1598.98,204.76 1596.28,210.73 1593.24,216.42 C 1590.21,222.11 1586.78,227.61 1583.06,232.78 C 1579.34,237.95 1575.26,242.88 1570.94,247.46 C 1566.62,252.03 1561.97,256.32 1557.14,260.24 C 1552.30,264.15 1547.19,267.74 1541.94,270.94 C 1536.69,274.13 1531.21,276.98 1525.65,279.42 C 1520.09,281.86 1514.35,283.92 1508.58,285.58 C 1502.82,287.24 1496.92,288.50 1491.06,289.37 C 1485.19,290.23 1479.25,290.69 1473.40,290.77 C 1467.54,290.85 1461.67,290.52 1455.92,289.82 C 1450.18,289.13 1444.46,288.03 1438.93,286.60 C 1433.39,285.16 1427.94,283.34 1422.71,281.20 C 1417.48,279.07 1412.39,276.56 1407.54,273.79 C 1402.70,271.01 1398.04,267.89 1393.66,264.53 C 1389.29,261.17 1385.13,257.50 1381.29,253.64 C 1377.45,249.77 1373.86,245.63 1370.60,241.34 C 1367.35,237.05 1364.38,232.53 1361.76,227.90 C 1359.13,223.27 1356.82,218.45 1354.86,213.57 C 1352.90,208.69 1351.27,203.67 1349.99,198.63 C 1348.71,193.60 1347.78,188.46 1347.19,183.36 C 1346.60,178.26 1346.36,173.11 1346.46,168.04 C 1346.55,162.97 1346.99,157.89 1347.75,152.94 C 1348.51,147.98 1349.61,143.07 1351.01,138.32 C 1352.40,133.57 1354.13,128.90 1356.12,124.43 C 1358.11,119.96 1360.41,115.62 1362.95,111.51 C 1365.48,107.39 1368.31,103.44 1371.34,99.74 C 1374.36,96.05 1377.65,92.55 1381.10,89.33 C 1384.55,86.11 1388.23,83.12 1392.03,80.42 C 1395.83,77.72 1399.83,75.27 1403.91,73.12 C 1407.98,70.98 1412.22,69.11 1416.49,67.55 C 1420.77,65.98 1425.16,64.71 1429.56,63.74 C 1433.95,62.77 1438.42,62.10 1442.85,61.73 C 1447.28,61.36 1451.74,61.29 1456.13,61.51 C 1460.52,61.73 1464.90,62.25 1469.17,63.04 C 1473.43,63.83 1477.65,64.92 1481.73,66.26 C 1485.80,67.59 1489.80,69.21 1493.61,71.06 C 1497.42,72.90 1501.12,75.01 1504.61,77.32 C 1508.10,79.63 1511.45,82.18 1514.56,84.90 C 1517.68,87.62 1520.62,90.56 1523.31,93.63 C 1526.00,96.71 1528.49,99.97 1530.73,103.34 C 1532.96,106.70 1534.97,110.23 1536.72,113.81 C 1538.46,117.40 1539.96,121.12 1541.20,124.86 C 1542.44,128.60 1543.42,132.44 1544.14,136.27 C 1544.86,140.10 1545.32,143.99 1545.52,147.83 C 1545.72,151.67 1545.66,155.54 1545.35,159.33 C 1545.04,163.12 1544.47,166.90 1543.67,170.57 C 1542.87,174.24 1541.81,177.87 1540.54,181.36 C 1539.28,184.85 1537.76,188.26 1536.07,191.51 C 1534.37,194.76 1532.44,197.90 1530.34,200.86 C 1528.25,203.82 1525.95,206.64 1523.51,209.27 C 1521.07,211.89 1518.45,214.35 1515.72,216.60 C 1512.98,218.85 1510.09,220.91 1507.12,222.75 C 1504.15,224.60 1501.04,226.24 1497.89,227.65 C 1494.73,229.07 1491.48,230.26 1488.20,231.23 C 1484.93,232.20 1481.58,232.95 1478.25,233.47 C 1474.92,233.99 1471.54,234.28 1468.21,234.35 C 1464.88,234.42 1461.53,234.25 1458.26,233.88 C 1454.99,233.51 1451.73,232.92 1448.58,232.12 C 1445.42,231.33 1442.31,230.32 1439.33,229.13 C 1436.34,227.94 1433.43,226.54 1430.66,224.98 C 1427.89,223.42 1425.23,221.66 1422.72,219.77 C 1420.22,217.88 1417.84,215.81 1415.63,213.63 C 1413.43,211.45 1411.37,209.11 1409.50,206.68 C 1407.63,204.26 1405.92,201.69 1404.40,199.07 C 1402.89,196.45 1401.55,193.72 1400.42,190.95 C 1399.28,188.18 1398.33,185.33 1397.58,182.47 C 1396.83,179.61 1396.28,176.69 1395.92,173.80 C 1395.56,170.90 1395.40,167.97 1395.43,165.08 C 1395.46,162.20 1395.69,159.31 1396.10,156.48 C 1396.51,153.66 1397.12,150.86 1397.89,148.15 C 1398.66,145.44 1399.62,142.78 1400.73,140.23 C 1401.85,137.68 1403.14,135.19 1404.56,132.84 C 1405.99,130.49 1407.58,128.23 1409.28,126.11 C 1410.99,124.00 1412.84,121.99 1414.79,120.14 C 1416.74,118.29 1418.82,116.58 1420.97,115.02 C 1423.12,113.47 1425.38,112.06 1427.70,110.82 C 1430.01,109.58 1432.41,108.50 1434.83,107.59 C 1437.26,106.68 1439.75,105.94 1442.25,105.37 C 1444.74,104.79 1447.28,104.39 1449.80,104.16 C 1452.32,103.93 1454.86,103.87 1457.36,103.98 C 1459.85,104.08 1462.35,104.36 1464.78,104.79 C 1467.21,105.22 1469.62,105.82 1471.94,106.56 C 1474.27,107.31 1476.55,108.21 1478.73,109.24 C 1480.90,110.28 1483.02,111.46 1485.01,112.76 C 1487.01,114.05 1488.92,115.49 1490.71,117.03 C 1492.49,118.56 1494.18,120.22 1495.73,121.96 C 1497.27,123.69 1498.70,125.54 1499.99,127.44 C 1501.28,129.35 1502.43,131.34 1503.44,133.38 C 1504.45,135.41 1505.32,137.52 1506.04,139.64 C 1506.77,141.77 1507.34,143.95 1507.77,146.12 C 1508.19,148.30 1508.47,150.51 1508.60,152.69 C 1508.74,154.88 1508.72,157.08 1508.56,159.24 C 1508.40,161.40 1508.09,163.55 1507.65,165.64 C 1507.21,167.73 1506.63,169.80 1505.92,171.79 C 1505.22,173.78 1504.37,175.73 1503.42,177.59 C 1502.47,179.44 1501.38,181.24 1500.21,182.93 C 1499.03,184.63 1497.73,186.24 1496.36,187.75 C 1494.98,189.25 1493.50,190.66 1491.95,191.95 C 1490.41,193.25 1488.77,194.43 1487.09,195.50 C 1485.41,196.56 1483.65,197.51 1481.86,198.32 C 1480.07,199.14 1478.22,199.84 1476.37,200.40 C 1474.51,200.97 1472.61,201.41 1470.71,201.72 C 1468.82,202.03 1466.90,202.21 1465.00,202.26 C 1463.11,202.32 1461.20,202.24 1459.34,202.05 C 1457.48,201.85 1455.62,201.53 1453.82,201.09 C 1452.02,200.65 1450.25,200.09 1448.55,199.42 C 1446.84,198.76 1445.18,197.98 1443.60,197.10 C 1442.02,196.23 1440.49,195.24 1439.06,194.18 C 1437.62,193.11 1436.26,191.94 1435.00,190.71 C 1433.73,189.48 1432.55,188.16 1431.47,186.79 C 1430.40,185.42 1429.42,183.97 1428.54,182.48 C 1427.67,180.99 1426.90,179.45 1426.24,177.88 C 1425.58,176.31 1425.02,174.69 1424.59,173.07 C 1424.15,171.44 1423.82,169.78 1423.60,168.14 C 1423.38,166.49 1423.28,164.82 1423.28,163.18 C 1423.29,161.54 1423.41,159.89 1423.63,158.28 C 1423.85,156.68 1424.18,155.08 1424.61,153.54 C 1425.03,151.99 1425.57,150.47 1426.19,149.01 C 1426.81,147.56 1427.54,146.14 1428.34,144.79 C 1429.14,143.45 1430.03,142.16 1430.99,140.94 C 1431.95,139.73 1433.00,138.58 1434.10,137.52 C 1435.20,136.46 1436.38,135.48 1437.59,134.58 C 1438.81,133.69 1440.09,132.88 1441.40,132.16 C 1442.71,131.45 1444.07,130.82 1445.45,130.29 C 1446.82,129.76 1448.24,129.33 1449.66,128.99 C 1451.07,128.66 1452.52,128.42 1453.95,128.28 C 1455.38,128.13 1456.83,128.09 1458.25,128.14 C 1459.67,128.19 1461.09,128.33 1462.47,128.57 C 1463.86,128.80 1465.23,129.13 1466.56,129.54 C 1467.88,129.95 1469.18,130.46 1470.43,131.04 C 1471.67,131.61 1472.88,132.28 1474.02,133.01 C 1475.16,133.74 1476.26,134.55 1477.28,135.41 C 1478.30,136.28 1479.27,137.21 1480.16,138.19 C 1481.04,139.18 1481.87,140.22 1482.61,141.30 C 1483.35,142.37 1484.02,143.51 1484.60,144.66 C 1485.18,145.81 1485.69,147.01 1486.11,148.21 C 1486.53,149.42 1486.86,150.65 1487.12,151.89 C 1487.37,153.13 1487.54,154.38 1487.62,155.63 C 1487.71,156.87 1487.71,158.12 1487.62,159.35 C 1487.54,160.58 1487.38,161.80 1487.14,163.00 C 1486.90,164.19 1486.57,165.37 1486.18,166.50 C 1485.79,167.64 1485.32,168.75 1484.78,169.81 C 1484.25,170.87 1483.64,171.90 1482.98,172.87 C 1482.32,173.84 1481.59,174.76 1480.81,175.63 C 1480.03,176.49 1479.20,177.30 1478.32,178.04 C 1477.45,178.78 1476.52,179.46 1475.57,180.08 C 1474.62,180.69 1473.62,181.23 1472.61,181.71 C 1471.60,182.18 1470.55,182.59 1469.49,182.92 C 1468.44,183.25 1467.36,183.51 1466.28,183.69 C 1465.21,183.87 1464.11,183.99 1463.04,184.03 C 1461.96,184.06 1460.87,184.03 1459.81,183.93 C 1458.75,183.82 1457.69,183.65 1456.67,183.41 C 1455.64,183.17 1454.63,182.85 1453.66,182.48 C 1452.69,182.11 1451.74,181.67 1450.83,181.18 C 1449.93,180.69 1449.06,180.14 1448.24,179.54 C 1447.42,178.94 1446.64,178.28 1445.91,177.59 C 1445.19,176.89 1444.51,176.14 1443.89,175.37 C 1443.27,174.59 1442.48,173.34 1442.20,172.9310:["$","g","6",{"className":"spiral-spin","style":{"transformOrigin":"1460px 160px","--spiral-duration":"65s","--spiral-direction":"reverse"},"children":[["$","path","0",{"d":"$31","fill":"none","stroke":"#2f3774","strokeWidth":9.35,"strokeLinecap":"round","opacity":0.85}],"$L32","$L33"]}]
34:T1d70,M 1635.00,440.00 C 1634.78,441.36 1634.28,445.47 1633.70,448.14 C 1633.12,450.80 1632.39,453.43 1631.54,455.99 C 1630.68,458.55 1629.68,461.05 1628.56,463.47 C 1627.44,465.89 1626.18,468.25 1624.82,470.50 C 1623.46,472.76 1621.97,474.94 1620.39,477.01 C 1618.81,479.07 1617.11,481.05 1615.33,482.92 C 1613.55,484.78 1611.66,486.54 1609.71,488.17 C 1607.76,489.81 1605.72,491.33 1603.62,492.73 C 1601.53,494.12 1599.35,495.40 1597.14,496.55 C 1594.93,497.69 1592.66,498.71 1590.36,499.59 C 1588.07,500.48 1585.72,501.23 1583.37,501.85 C 1581.02,502.47 1578.63,502.96 1576.26,503.32 C 1573.88,503.67 1571.48,503.89 1569.11,503.98 C 1566.73,504.07 1564.35,504.03 1562.01,503.86 C 1559.66,503.69 1557.33,503.39 1555.04,502.97 C 1552.76,502.55 1550.50,502.00 1548.30,501.34 C 1546.10,500.67 1543.94,499.89 1541.85,499.00 C 1539.76,498.11 1537.72,497.11 1535.76,496.01 C 1533.81,494.91 1531.91,493.70 1530.11,492.41 C 1528.30,491.11 1526.57,489.72 1524.94,488.25 C 1523.31,486.79 1521.76,485.23 1520.32,483.61 C 1518.87,482.00 1517.52,480.30 1516.27,478.55 C 1515.03,476.80 1513.88,474.99 1512.85,473.14 C 1511.82,471.29 1510.89,469.38 1510.07,467.45 C 1509.26,465.52 1508.55,463.54 1507.96,461.55 C 1507.37,459.57 1506.89,457.55 1506.53,455.54 C 1506.16,453.52 1505.91,451.48 1505.77,449.46 C 1505.63,447.44 1505.60,445.42 1505.68,443.42 C 1505.77,441.42 1505.96,439.42 1506.26,437.47 C 1506.55,435.51 1506.96,433.57 1507.46,431.68 C 1507.97,429.79 1508.58,427.93 1509.28,426.12 C 1509.98,424.32 1510.78,422.56 1511.66,420.86 C 1512.55,419.17 1513.53,417.52 1514.58,415.95 C 1515.63,414.38 1516.77,412.87 1517.98,411.44 C 1519.18,410.01 1520.47,408.65 1521.80,407.38 C 1523.14,406.10 1524.55,404.91 1526.01,403.80 C 1527.46,402.69 1528.98,401.67 1530.52,400.74 C 1532.07,399.81 1533.67,398.97 1535.29,398.23 C 1536.92,397.48 1538.58,396.83 1540.26,396.27 C 1541.93,395.71 1543.64,395.25 1545.34,394.89 C 1547.05,394.52 1548.77,394.25 1550.49,394.08 C 1552.21,393.91 1553.93,393.83 1555.64,393.85 C 1557.34,393.86 1559.05,393.97 1560.72,394.17 C 1562.39,394.37 1564.06,394.67 1565.68,395.05 C 1567.30,395.43 1568.90,395.90 1570.46,396.44 C 1572.01,396.99 1573.53,397.63 1575.00,398.33 C 1576.47,399.04 1577.90,399.83 1579.26,400.68 C 1580.63,401.54 1581.94,402.47 1583.19,403.46 C 1584.44,404.44 1585.63,405.50 1586.75,406.61 C 1587.87,407.71 1588.93,408.88 1589.91,410.09 C 1590.89,411.30 1591.80,412.56 1592.64,413.85 C 1593.47,415.15 1594.23,416.49 1594.91,417.85 C 1595.58,419.21 1596.19,420.61 1596.70,422.02 C 1597.22,423.43 1597.66,424.87 1598.02,426.31 C 1598.37,427.76 1598.65,429.22 1598.84,430.67 C 1599.04,432.13 1599.15,433.60 1599.18,435.05 C 1599.21,436.50 1599.16,437.96 1599.04,439.39 C 1598.91,440.82 1598.70,442.24 1598.43,443.63 C 1598.15,445.02 1597.79,446.40 1597.36,447.74 C 1596.94,449.08 1596.44,450.39 1595.88,451.66 C 1595.31,452.93 1594.68,454.16 1593.99,455.35 C 1593.30,456.53 1592.54,457.68 1591.73,458.77 C 1590.93,459.86 1590.06,460.90 1589.15,461.88 C 1588.24,462.87 1587.27,463.80 1586.27,464.67 C 1585.27,465.53 1584.21,466.34 1583.14,467.09 C 1582.06,467.83 1580.94,468.51 1579.80,469.13 C 1578.65,469.74 1577.48,470.29 1576.29,470.77 C 1575.10,471.25 1573.89,471.66 1572.67,472.00 C 1571.45,472.35 1570.21,472.62 1568.98,472.82 C 1567.74,473.03 1566.50,473.16 1565.26,473.23 C 1564.03,473.29 1562.79,473.29 1561.57,473.22 C 1560.35,473.15 1559.13,473.01 1557.94,472.81 C 1556.74,472.61 1555.56,472.35 1554.41,472.02 C 1553.26,471.69 1552.13,471.30 1551.03,470.86 C 1549.94,470.41 1548.87,469.91 1547.84,469.35 C 1546.82,468.79 1545.82,468.18 1544.87,467.52 C 1543.92,466.86 1543.01,466.15 1542.15,465.40 C 1541.29,464.65 1540.47,463.85 1539.70,463.02 C 1538.94,462.19 1538.22,461.32 1537.56,460.42 C 1536.89,459.52 1536.28,458.59 1535.73,457.63 C 1535.18,456.68 1534.68,455.69 1534.24,454.69 C 1533.80,453.70 1533.41,452.67 1533.09,451.64 C 1532.77,450.62 1532.50,449.57 1532.29,448.52 C 1532.09,447.48 1531.94,446.42 1531.85,445.37 C 1531.76,444.32 1531.73,443.26 1531.76,442.22 C 1531.78,441.18 1531.87,440.14 1532.01,439.12 C 1532.14,438.10 1532.34,437.09 1532.59,436.10 C 1532.83,435.11 1533.14,434.14 1533.49,433.19 C 1533.84,432.25 1534.24,431.32 1534.69,430.43 C 1535.13,429.54 1535.63,428.68 1536.16,427.85 C 1536.70,427.03 1537.28,426.23 1537.89,425.48 C 1538.51,424.73 1539.17,424.01 1539.85,423.33 C 1540.54,422.66 1541.26,422.02 1542.01,421.44 C 1542.76,420.85 1543.54,420.30 1544.34,419.81 C 1545.14,419.31 1545.96,418.86 1546.80,418.46 C 1547.64,418.06 1548.50,417.70 1549.37,417.40 C 1550.23,417.10 1551.12,416.84 1552.00,416.64 C 1552.89,416.44 1553.78,416.28 1554.67,416.18 C 1555.57,416.07 1556.46,416.02 1557.35,416.01 C 1558.24,416.01 1559.13,416.05 1560.00,416.14 C 1560.87,416.23 1561.74,416.37 1562.59,416.56 C 1563.44,416.74 1564.27,416.97 1565.09,417.24 C 1565.90,417.52 1566.70,417.83 1567.47,418.19 C 1568.24,418.55 1568.99,418.95 1569.70,419.38 C 1570.42,419.81 1571.11,420.29 1571.77,420.79 C 1572.43,421.29 1573.06,421.83 1573.65,422.40 C 1574.24,422.97 1574.80,423.57 1575.32,424.19 C 1575.84,424.81 1576.33,425.46 1576.77,426.12 C 1577.22,426.79 1577.62,427.48 1577.99,428.18 C 1578.35,428.89 1578.68,429.61 1578.96,430.34 C 1579.24,431.07 1579.48,431.82 1579.68,432.57 C 1579.87,433.31 1580.03,434.07 1580.14,434.83 C 1580.25,435.59 1580.32,436.35 1580.35,437.10 C 1580.38,437.86 1580.37,438.62 1580.31,439.36 C 1580.26,440.11 1580.16,440.85 1580.03,441.58 C 1579.90,442.30 1579.72,443.02 1579.51,443.72 C 1579.30,444.42 1579.05,445.11 1578.77,445.77 C 1578.49,446.44 1578.17,447.09 1577.82,447.71 C 1577.47,448.33 1577.08,448.94 1576.67,449.51 C 1576.26,450.08 1575.82,450.63 1575.35,451.15 C 1574.88,451.67 1574.39,452.16 1573.87,452.62 C 1573.36,453.08 1572.82,453.51 1572.26,453.91 C 1571.71,454.31 1571.13,454.67 1570.54,455.00 C 1569.95,455.33 1569.35,455.62 1568.73,455.88 C 1568.12,456.14 1567.49,456.37 1566.86,456.55 C 1566.23,456.74 1565.58,456.89 1564.94,457.01 C 1564.30,457.13 1563.65,457.21 1563.01,457.25 C 1562.37,457.30 1561.72,457.30 1561.09,457.28 C 1560.45,457.25 1559.82,457.19 1559.19,457.10 C 1558.57,457.00 1557.95,456.87 1557.35,456.71 C 1556.75,456.55 1556.16,456.36 1555.59,456.13 C 1555.01,455.91 1554.45,455.66 1553.91,455.38 C 1553.37,455.09 1552.85,454.78 1552.35,454.45 C 1551.85,454.11 1551.37,453.75 1550.92,453.37 C 1550.46,452.98 1550.03,452.58 1549.62,452.15 C 1549.22,451.72 1548.84,451.28 1548.48,450.81 C 1548.13,450.35 1547.81,449.87 1547.51,449.38 C 1547.22,448.88 1546.95,448.37 1546.71,447.86 C 1546.47,447.34 1546.27,446.81 1546.09,446.28 C 1545.91,445.75 1545.77,445.21 1545.65,444.66 C 1545.53,444.12 1545.45,443.57 1545.39,443.03 C 1545.34,442.48 1545.31,441.93 1545.32,441.39 C 1545.32,440.85 1545.36,440.30 1545.42,439.77 C 1545.49,439.24 1545.58,438.71 1545.70,438.19 C 1545.82,437.68 1545.97,437.17 1546.14,436.67 C 1546.32,436.18 1546.52,435.69 1546.75,435.23 C 1546.97,434.76 1547.22,434.31 1547.49,433.87 C 1547.77,433.44 1548.06,433.02 1548.38,432.62 C 1548.69,432.23 1549.03,431.85 1549.38,431.49 C 1549.73,431.13 1550.10,430.80 1550.49,430.49 C 1550.87,430.17 1551.27,429.88 1551.68,429.62 C 1552.09,429.35 1552.52,429.11 1552.95,428.90 C 1553.39,428.68 1553.83,428.49 1554.28,428.32 C 1554.73,428.16 1555.19,428.02 1555.65,427.91 C 1556.10,427.79 1556.57,427.71 1557.03,427.64 C 1557.50,427.58 1557.96,427.55 1558.43,427.54 C 1558.89,427.53 1559.35,427.54 1559.80,427.58 C 1560.26,427.62 1560.71,427.69 1561.16,427.78 C 1561.60,427.87 1562.04,427.98 1562.46,428.11 C 1562.89,428.25 1563.50,428.51 1563.71,428.5911:["$","g","7",{"className":"spiral-spin","style":{"transformOrigin":"1560px 440px","--spiral-duration":"37s","--spiral-direction":"reverse"},"children":[["$","path","0",{"d":"$34","fill":"none","stroke":"#2f3774","strokeWidth":5.1,"strokeLinecap":"round","opacity":0.85}],"$L35","$L36"]}]
37:T1b8f,M 680.00,560.00 C 679.72,561.74 679.09,567.03 678.34,570.46 C 677.59,573.88 676.63,577.26 675.50,580.53 C 674.37,583.80 673.03,587.00 671.54,590.08 C 670.05,593.16 668.37,596.15 666.55,599.00 C 664.72,601.85 662.73,604.59 660.60,607.18 C 658.48,609.76 656.21,612.22 653.82,614.51 C 651.44,616.80 648.92,618.95 646.32,620.92 C 643.71,622.89 640.99,624.71 638.20,626.34 C 635.42,627.98 632.53,629.44 629.61,630.72 C 626.68,632.00 623.68,633.10 620.66,634.02 C 617.64,634.94 614.57,635.67 611.50,636.22 C 608.43,636.77 605.32,637.13 602.25,637.31 C 599.17,637.50 596.08,637.49 593.04,637.31 C 590.00,637.13 586.96,636.77 584.00,636.24 C 581.04,635.71 578.10,635.00 575.25,634.14 C 572.40,633.28 569.61,632.24 566.91,631.06 C 564.22,629.88 561.59,628.54 559.08,627.07 C 556.57,625.60 554.15,623.98 551.86,622.24 C 549.57,620.51 547.38,618.63 545.33,616.67 C 543.28,614.70 541.35,612.60 539.57,610.43 C 537.79,608.26 536.13,605.98 534.64,603.64 C 533.14,601.31 531.78,598.88 530.59,596.41 C 529.39,593.94 528.34,591.40 527.45,588.84 C 526.56,586.27 525.83,583.66 525.25,581.04 C 524.68,578.42 524.26,575.76 524.00,573.13 C 523.74,570.49 523.64,567.84 523.69,565.22 C 523.74,562.60 523.95,559.98 524.30,557.42 C 524.66,554.85 525.17,552.31 525.81,549.83 C 526.46,547.36 527.26,544.92 528.18,542.56 C 529.10,540.21 530.16,537.91 531.34,535.70 C 532.52,533.50 533.83,531.36 535.24,529.34 C 536.66,527.31 538.19,525.36 539.81,523.54 C 541.44,521.71 543.17,519.98 544.97,518.38 C 546.78,516.78 548.68,515.28 550.64,513.91 C 552.60,512.55 554.64,511.30 556.72,510.19 C 558.80,509.08 560.95,508.09 563.12,507.24 C 565.29,506.39 567.51,505.67 569.74,505.09 C 571.97,504.51 574.24,504.06 576.49,503.75 C 578.75,503.43 581.03,503.26 583.28,503.21 C 585.53,503.17 587.79,503.26 590.00,503.48 C 592.21,503.70 594.42,504.05 596.57,504.52 C 598.72,504.99 600.84,505.59 602.89,506.30 C 604.95,507.02 606.96,507.85 608.89,508.79 C 610.83,509.73 612.70,510.78 614.49,511.93 C 616.28,513.07 618.00,514.33 619.63,515.66 C 621.25,516.99 622.80,518.42 624.23,519.92 C 625.67,521.41 627.02,523.00 628.26,524.63 C 629.50,526.27 630.64,527.98 631.66,529.73 C 632.69,531.48 633.61,533.29 634.41,535.13 C 635.22,536.96 635.91,538.85 636.49,540.74 C 637.06,542.64 637.52,544.57 637.87,546.50 C 638.21,548.43 638.44,550.38 638.55,552.31 C 638.67,554.24 638.67,556.18 638.55,558.09 C 638.44,560.00 638.21,561.91 637.88,563.77 C 637.55,565.63 637.10,567.47 636.56,569.26 C 636.02,571.05 635.37,572.81 634.63,574.50 C 633.89,576.19 633.04,577.84 632.12,579.42 C 631.20,580.99 630.18,582.52 629.09,583.95 C 628.00,585.39 626.82,586.77 625.59,588.05 C 624.35,589.34 623.04,590.55 621.67,591.67 C 620.31,592.79 618.88,593.83 617.41,594.77 C 615.94,595.71 614.42,596.56 612.87,597.31 C 611.32,598.07 609.72,598.72 608.11,599.28 C 606.50,599.84 604.86,600.30 603.21,600.66 C 601.57,601.02 599.90,601.29 598.24,601.45 C 596.59,601.61 594.92,601.68 593.28,601.64 C 591.63,601.61 589.99,601.48 588.38,601.26 C 586.77,601.04 585.17,600.72 583.62,600.31 C 582.06,599.90 580.53,599.40 579.05,598.83 C 577.57,598.25 576.13,597.58 574.74,596.84 C 573.36,596.10 572.02,595.27 570.74,594.39 C 569.47,593.50 568.25,592.54 567.10,591.52 C 565.95,590.50 564.87,589.41 563.86,588.28 C 562.85,587.14 561.91,585.95 561.06,584.72 C 560.20,583.49 559.42,582.21 558.72,580.90 C 558.02,579.60 557.40,578.25 556.87,576.88 C 556.33,575.52 555.88,574.12 555.52,572.72 C 555.15,571.32 554.87,569.90 554.67,568.48 C 554.48,567.06 554.37,565.63 554.34,564.22 C 554.31,562.81 554.37,561.39 554.50,560.00 C 554.64,558.61 554.86,557.23 555.16,555.88 C 555.45,554.53 555.83,553.19 556.28,551.90 C 556.72,550.61 557.25,549.35 557.84,548.14 C 558.43,546.92 559.09,545.74 559.81,544.62 C 560.53,543.49 561.32,542.41 562.15,541.39 C 562.99,540.37 563.89,539.40 564.83,538.50 C 565.77,537.60 566.76,536.75 567.79,535.97 C 568.82,535.19 569.89,534.48 570.99,533.83 C 572.09,533.19 573.23,532.61 574.38,532.11 C 575.53,531.60 576.72,531.17 577.91,530.81 C 579.10,530.44 580.31,530.16 581.52,529.94 C 582.73,529.72 583.96,529.58 585.17,529.51 C 586.38,529.44 587.60,529.44 588.80,529.51 C 590.00,529.58 591.20,529.72 592.37,529.93 C 593.54,530.14 594.69,530.42 595.82,530.76 C 596.94,531.10 598.04,531.51 599.11,531.97 C 600.17,532.44 601.21,532.97 602.20,533.55 C 603.18,534.13 604.14,534.77 605.04,535.45 C 605.95,536.13 606.81,536.87 607.62,537.65 C 608.43,538.43 609.19,539.25 609.89,540.11 C 610.59,540.96 611.25,541.86 611.84,542.79 C 612.43,543.71 612.96,544.67 613.43,545.64 C 613.91,546.61 614.32,547.62 614.67,548.63 C 615.02,549.64 615.31,550.67 615.54,551.70 C 615.76,552.73 615.93,553.78 616.03,554.82 C 616.13,555.86 616.17,556.91 616.15,557.94 C 616.13,558.97 616.05,560.01 615.91,561.02 C 615.77,562.03 615.57,563.03 615.32,564.01 C 615.06,564.99 614.75,565.95 614.38,566.88 C 614.02,567.81 613.60,568.71 613.14,569.58 C 612.67,570.45 612.15,571.29 611.60,572.09 C 611.04,572.89 610.43,573.66 609.79,574.38 C 609.15,575.10 608.47,575.78 607.76,576.42 C 607.05,577.05 606.30,577.64 605.52,578.18 C 604.75,578.71 603.95,579.21 603.13,579.65 C 602.31,580.08 601.46,580.47 600.60,580.81 C 599.75,581.14 598.87,581.43 597.99,581.66 C 597.11,581.89 596.22,582.06 595.33,582.19 C 594.44,582.31 593.54,582.38 592.65,582.40 C 591.76,582.41 590.87,582.38 590.00,582.29 C 589.13,582.21 588.26,582.07 587.41,581.88 C 586.56,581.70 585.73,581.46 584.92,581.18 C 584.11,580.90 583.31,580.57 582.55,580.20 C 581.79,579.83 581.05,579.41 580.34,578.96 C 579.63,578.51 578.95,578.01 578.31,577.49 C 577.67,576.96 577.07,576.40 576.50,575.81 C 575.93,575.22 575.40,574.59 574.91,573.95 C 574.42,573.30 573.97,572.63 573.57,571.94 C 573.16,571.25 572.80,570.53 572.48,569.81 C 572.17,569.09 571.89,568.34 571.67,567.59 C 571.44,566.85 571.26,566.08 571.12,565.32 C 570.99,564.56 570.90,563.80 570.85,563.03 C 570.80,562.27 570.81,561.51 570.85,560.75 C 570.89,560.00 570.98,559.25 571.12,558.51 C 571.25,557.78 571.42,557.05 571.64,556.35 C 571.85,555.64 572.11,554.95 572.40,554.28 C 572.69,553.61 573.02,552.96 573.39,552.34 C 573.75,551.72 574.15,551.12 574.58,550.55 C 575.01,549.98 575.48,549.44 575.96,548.94 C 576.45,548.43 576.97,547.95 577.51,547.51 C 578.05,547.07 578.61,546.66 579.19,546.29 C 579.77,545.92 580.37,545.58 580.98,545.28 C 581.59,544.99 582.22,544.73 582.86,544.51 C 583.49,544.29 584.14,544.10 584.79,543.96 C 585.44,543.82 586.10,543.72 586.75,543.65 C 587.40,543.59 588.06,543.56 588.71,543.58 C 589.36,543.59 590.00,543.64 590.64,543.73 C 591.27,543.82 591.90,543.94 592.52,544.10 C 593.13,544.26 593.74,544.46 594.32,544.69 C 594.90,544.91 595.47,545.18 596.02,545.47 C 596.56,545.76 597.09,546.09 597.60,546.44 C 598.10,546.79 598.58,547.17 599.03,547.57 C 599.48,547.97 599.91,548.40 600.31,548.85 C 600.71,549.29 601.08,549.77 601.42,550.25 C 601.75,550.74 602.06,551.24 602.34,551.76 C 602.61,552.27 602.86,552.80 603.07,553.34 C 603.28,553.88 603.46,554.43 603.60,554.98 C 603.75,555.53 603.86,556.10 603.93,556.65 C 604.01,557.21 604.05,557.78 604.07,558.34 C 604.08,558.89 604.01,559.72 604.00,560.0012:["$","g","8",{"className":"spiral-spin","style":{"transformOrigin":"590px 560px","--spiral-duration":"48s","--spiral-direction":"normal"},"children":[["$","path","0",{"d":"$37","fill":"none","stroke":"#2f3774","strokeWidth":5.95,"strokeLinecap":"round","opacity":0.85}],"$L38","$L39"]}]
3a:T1d70,M 1165.00,570.00 C 1164.75,571.54 1164.16,576.20 1163.50,579.22 C 1162.84,582.24 1162.01,585.22 1161.03,588.11 C 1160.05,591.01 1158.91,593.84 1157.64,596.58 C 1156.36,599.32 1154.93,601.98 1153.38,604.53 C 1151.83,607.08 1150.14,609.54 1148.34,611.88 C 1146.55,614.22 1144.62,616.45 1142.60,618.55 C 1140.58,620.66 1138.44,622.64 1136.23,624.49 C 1134.01,626.33 1131.70,628.05 1129.33,629.62 C 1126.95,631.20 1124.49,632.64 1121.99,633.92 C 1119.49,635.21 1116.91,636.36 1114.32,637.35 C 1111.72,638.34 1109.07,639.19 1106.41,639.88 C 1103.75,640.58 1101.05,641.12 1098.36,641.51 C 1095.67,641.91 1092.96,642.15 1090.28,642.24 C 1087.60,642.34 1084.91,642.28 1082.27,642.09 C 1079.62,641.89 1076.99,641.54 1074.41,641.06 C 1071.83,640.58 1069.28,639.95 1066.80,639.20 C 1064.32,638.45 1061.88,637.56 1059.53,636.55 C 1057.17,635.54 1054.87,634.40 1052.67,633.15 C 1050.47,631.91 1048.33,630.54 1046.30,629.08 C 1044.27,627.61 1042.33,626.04 1040.49,624.38 C 1038.65,622.72 1036.91,620.96 1035.29,619.14 C 1033.67,617.31 1032.15,615.39 1030.75,613.42 C 1029.35,611.45 1028.07,609.40 1026.91,607.31 C 1025.75,605.23 1024.71,603.07 1023.80,600.90 C 1022.89,598.72 1022.10,596.49 1021.44,594.26 C 1020.78,592.02 1020.25,589.75 1019.84,587.48 C 1019.43,585.21 1019.16,582.92 1019.01,580.65 C 1018.85,578.37 1018.83,576.09 1018.93,573.84 C 1019.02,571.59 1019.25,569.35 1019.59,567.15 C 1019.93,564.95 1020.39,562.77 1020.96,560.65 C 1021.53,558.53 1022.22,556.43 1023.02,554.41 C 1023.81,552.39 1024.71,550.41 1025.71,548.51 C 1026.71,546.60 1027.81,544.76 1029.00,543.00 C 1030.19,541.24 1031.47,539.54 1032.83,537.94 C 1034.18,536.34 1035.63,534.82 1037.14,533.39 C 1038.64,531.97 1040.23,530.63 1041.86,529.39 C 1043.50,528.15 1045.20,527.01 1046.94,525.97 C 1048.68,524.93 1050.48,523.99 1052.30,523.16 C 1054.12,522.33 1055.99,521.60 1057.87,520.98 C 1059.75,520.36 1061.66,519.85 1063.57,519.45 C 1065.49,519.04 1067.42,518.75 1069.35,518.56 C 1071.27,518.37 1073.20,518.29 1075.11,518.31 C 1077.02,518.33 1078.93,518.46 1080.81,518.69 C 1082.68,518.92 1084.54,519.25 1086.36,519.68 C 1088.17,520.11 1089.96,520.64 1091.70,521.26 C 1093.44,521.88 1095.14,522.59 1096.78,523.39 C 1098.42,524.18 1100.02,525.07 1101.54,526.03 C 1103.07,526.99 1104.54,528.03 1105.93,529.14 C 1107.32,530.25 1108.65,531.43 1109.90,532.67 C 1111.15,533.91 1112.33,535.22 1113.42,536.58 C 1114.52,537.93 1115.53,539.34 1116.46,540.79 C 1117.39,542.24 1118.23,543.74 1118.99,545.26 C 1119.74,546.78 1120.41,548.35 1120.98,549.92 C 1121.56,551.50 1122.04,553.11 1122.44,554.72 C 1122.83,556.33 1123.13,557.97 1123.34,559.59 C 1123.56,561.22 1123.68,562.86 1123.71,564.48 C 1123.74,566.10 1123.68,567.72 1123.54,569.32 C 1123.39,570.91 1123.16,572.50 1122.84,574.05 C 1122.53,575.60 1122.13,577.13 1121.65,578.62 C 1121.17,580.11 1120.61,581.58 1119.98,582.99 C 1119.35,584.40 1118.64,585.78 1117.86,587.10 C 1117.09,588.41 1116.24,589.69 1115.34,590.90 C 1114.44,592.11 1113.47,593.27 1112.45,594.37 C 1111.43,595.46 1110.36,596.49 1109.24,597.46 C 1108.12,598.42 1106.95,599.32 1105.74,600.14 C 1104.54,600.97 1103.29,601.72 1102.02,602.40 C 1100.75,603.08 1099.44,603.69 1098.12,604.22 C 1096.80,604.75 1095.44,605.20 1094.09,605.58 C 1092.73,605.96 1091.35,606.26 1089.98,606.48 C 1088.61,606.70 1087.22,606.85 1085.85,606.92 C 1084.47,606.99 1083.10,606.98 1081.74,606.90 C 1080.38,606.82 1079.03,606.67 1077.71,606.44 C 1076.38,606.22 1075.07,605.92 1073.80,605.55 C 1072.52,605.19 1071.26,604.75 1070.05,604.25 C 1068.84,603.75 1067.65,603.19 1066.51,602.57 C 1065.37,601.95 1064.27,601.26 1063.22,600.53 C 1062.16,599.80 1061.15,599.00 1060.20,598.17 C 1059.25,597.34 1058.34,596.45 1057.49,595.53 C 1056.65,594.60 1055.85,593.63 1055.12,592.64 C 1054.39,591.64 1053.72,590.60 1053.11,589.54 C 1052.50,588.48 1051.95,587.38 1051.46,586.28 C 1050.98,585.17 1050.56,584.04 1050.20,582.90 C 1049.84,581.76 1049.55,580.59 1049.33,579.44 C 1049.10,578.28 1048.94,577.11 1048.84,575.94 C 1048.75,574.78 1048.72,573.61 1048.75,572.46 C 1048.78,571.31 1048.88,570.16 1049.03,569.03 C 1049.19,567.90 1049.41,566.78 1049.69,565.69 C 1049.96,564.59 1050.30,563.52 1050.69,562.47 C 1051.08,561.43 1051.53,560.41 1052.02,559.43 C 1052.52,558.45 1053.07,557.49 1053.66,556.58 C 1054.25,555.67 1054.90,554.79 1055.58,553.96 C 1056.26,553.13 1056.99,552.34 1057.75,551.59 C 1058.51,550.85 1059.31,550.15 1060.14,549.51 C 1060.97,548.86 1061.83,548.26 1062.71,547.71 C 1063.60,547.17 1064.51,546.67 1065.43,546.23 C 1066.36,545.79 1067.31,545.40 1068.27,545.07 C 1069.23,544.74 1070.20,544.46 1071.18,544.24 C 1072.16,544.02 1073.15,543.85 1074.13,543.74 C 1075.11,543.62 1076.10,543.57 1077.08,543.56 C 1078.06,543.56 1079.04,543.61 1080.00,543.71 C 1080.96,543.81 1081.92,543.97 1082.85,544.18 C 1083.78,544.38 1084.71,544.64 1085.60,544.94 C 1086.50,545.24 1087.37,545.60 1088.22,545.99 C 1089.07,546.38 1089.89,546.83 1090.68,547.31 C 1091.47,547.78 1092.23,548.31 1092.95,548.86 C 1093.68,549.42 1094.37,550.02 1095.02,550.64 C 1095.67,551.27 1096.28,551.93 1096.85,552.61 C 1097.42,553.30 1097.95,554.01 1098.44,554.75 C 1098.93,555.48 1099.37,556.24 1099.77,557.01 C 1100.17,557.79 1100.52,558.58 1100.83,559.39 C 1101.14,560.19 1101.40,561.01 1101.61,561.83 C 1101.83,562.66 1102.00,563.49 1102.12,564.32 C 1102.24,565.15 1102.31,565.99 1102.34,566.82 C 1102.37,567.65 1102.35,568.48 1102.29,569.30 C 1102.23,570.12 1102.13,570.93 1101.98,571.73 C 1101.83,572.53 1101.63,573.32 1101.40,574.08 C 1101.17,574.85 1100.89,575.60 1100.58,576.33 C 1100.27,577.06 1099.92,577.77 1099.53,578.45 C 1099.15,579.13 1098.72,579.79 1098.27,580.42 C 1097.82,581.05 1097.33,581.65 1096.82,582.22 C 1096.31,582.79 1095.76,583.33 1095.20,583.83 C 1094.63,584.33 1094.04,584.80 1093.43,585.23 C 1092.82,585.66 1092.19,586.06 1091.54,586.42 C 1090.89,586.78 1090.23,587.10 1089.56,587.38 C 1088.88,587.66 1088.19,587.91 1087.50,588.11 C 1086.81,588.32 1086.11,588.48 1085.41,588.61 C 1084.70,588.73 1084.00,588.82 1083.29,588.86 C 1082.59,588.91 1081.88,588.92 1081.19,588.89 C 1080.49,588.86 1079.80,588.79 1079.12,588.68 C 1078.44,588.58 1077.76,588.44 1077.11,588.26 C 1076.45,588.08 1075.80,587.87 1075.18,587.62 C 1074.55,587.38 1073.94,587.10 1073.35,586.79 C 1072.76,586.48 1072.19,586.14 1071.65,585.77 C 1071.10,585.41 1070.58,585.01 1070.09,584.59 C 1069.59,584.17 1069.12,583.72 1068.68,583.26 C 1068.24,582.79 1067.82,582.30 1067.44,581.79 C 1067.06,581.29 1066.70,580.76 1066.38,580.22 C 1066.06,579.69 1065.77,579.13 1065.51,578.57 C 1065.26,578.00 1065.03,577.43 1064.84,576.84 C 1064.65,576.26 1064.49,575.67 1064.37,575.08 C 1064.24,574.49 1064.15,573.89 1064.09,573.29 C 1064.03,572.70 1064.01,572.10 1064.01,571.51 C 1064.02,570.92 1064.06,570.33 1064.13,569.75 C 1064.20,569.17 1064.31,568.60 1064.44,568.03 C 1064.57,567.47 1064.74,566.92 1064.93,566.38 C 1065.12,565.84 1065.34,565.32 1065.58,564.81 C 1065.83,564.30 1066.10,563.81 1066.40,563.34 C 1066.70,562.87 1067.02,562.41 1067.36,561.98 C 1067.71,561.55 1068.07,561.14 1068.46,560.75 C 1068.84,560.37 1069.24,560.00 1069.66,559.66 C 1070.08,559.33 1070.52,559.01 1070.97,558.72 C 1071.41,558.44 1071.88,558.18 1072.35,557.94 C 1072.82,557.71 1073.30,557.50 1073.79,557.33 C 1074.28,557.15 1074.78,557.00 1075.28,556.88 C 1075.77,556.75 1076.28,556.66 1076.78,556.60 C 1077.28,556.53 1077.79,556.49 1078.29,556.48 C 1078.79,556.47 1079.30,556.49 1079.79,556.54 C 1080.28,556.58 1080.77,556.65 1081.25,556.75 C 1081.73,556.85 1082.21,556.97 1082.67,557.12 C 1083.13,557.27 1083.79,557.55 1084.02,557.6413:["$","g","9",{"className":"spiral-spin","style":{"transformOrigin":"1080px 570px","--spiral-duration":"44s","--spiral-direction":"reverse"},"children":[["$","path","0",{"d":"$3a","fill":"none","stroke":"#2f3774","strokeWidth":5.95,"strokeLinecap":"round","opacity":0.85}],"$L3b","$L3c"]}]
3d:T1b8f,M 295.00,250.00 C 294.82,251.18 294.39,254.74 293.89,257.05 C 293.40,259.37 292.78,261.65 292.04,263.87 C 291.31,266.09 290.44,268.26 289.48,270.36 C 288.52,272.47 287.43,274.51 286.26,276.47 C 285.08,278.43 283.80,280.33 282.43,282.13 C 281.06,283.93 279.59,285.65 278.05,287.27 C 276.51,288.89 274.88,290.43 273.19,291.85 C 271.50,293.28 269.73,294.61 267.91,295.83 C 266.10,297.04 264.21,298.16 262.29,299.16 C 260.38,300.16 258.40,301.05 256.41,301.83 C 254.42,302.60 252.38,303.27 250.33,303.81 C 248.29,304.36 246.22,304.79 244.15,305.10 C 242.08,305.42 239.99,305.62 237.93,305.70 C 235.86,305.79 233.79,305.76 231.75,305.61 C 229.71,305.47 227.67,305.22 225.68,304.86 C 223.69,304.50 221.72,304.03 219.80,303.46 C 217.88,302.89 216.00,302.21 214.17,301.44 C 212.35,300.67 210.57,299.80 208.86,298.85 C 207.15,297.89 205.50,296.84 203.92,295.72 C 202.34,294.60 200.83,293.39 199.40,292.11 C 197.97,290.84 196.62,289.48 195.35,288.08 C 194.09,286.67 192.90,285.19 191.81,283.67 C 190.72,282.15 189.71,280.57 188.81,278.95 C 187.90,277.34 187.08,275.67 186.36,273.99 C 185.65,272.30 185.03,270.58 184.50,268.85 C 183.98,267.11 183.56,265.35 183.23,263.59 C 182.91,261.83 182.68,260.05 182.55,258.28 C 182.43,256.51 182.40,254.74 182.46,252.99 C 182.53,251.24 182.69,249.49 182.95,247.78 C 183.20,246.07 183.55,244.37 183.99,242.71 C 184.42,241.06 184.95,239.42 185.56,237.84 C 186.17,236.26 186.87,234.72 187.64,233.23 C 188.41,231.74 189.26,230.29 190.18,228.92 C 191.10,227.54 192.09,226.21 193.14,224.95 C 194.20,223.70 195.32,222.50 196.49,221.38 C 197.66,220.26 198.89,219.20 200.17,218.23 C 201.44,217.25 202.76,216.35 204.12,215.53 C 205.48,214.71 206.88,213.97 208.30,213.31 C 209.72,212.65 211.18,212.07 212.65,211.58 C 214.12,211.09 215.62,210.68 217.12,210.35 C 218.61,210.02 220.13,209.78 221.64,209.63 C 223.15,209.47 224.66,209.40 226.16,209.41 C 227.66,209.42 229.16,209.51 230.63,209.68 C 232.11,209.85 233.57,210.11 235.00,210.44 C 236.43,210.76 237.84,211.17 239.21,211.65 C 240.58,212.13 241.92,212.68 243.21,213.30 C 244.51,213.92 245.76,214.61 246.97,215.36 C 248.17,216.11 249.34,216.93 250.44,217.79 C 251.54,218.66 252.60,219.59 253.59,220.56 C 254.58,221.53 255.51,222.56 256.38,223.62 C 257.25,224.68 258.06,225.79 258.80,226.93 C 259.53,228.07 260.21,229.25 260.81,230.45 C 261.41,231.65 261.95,232.88 262.41,234.12 C 262.87,235.37 263.26,236.64 263.58,237.91 C 263.90,239.18 264.14,240.48 264.32,241.76 C 264.49,243.05 264.60,244.34 264.63,245.63 C 264.66,246.91 264.62,248.19 264.51,249.46 C 264.41,250.72 264.23,251.98 263.99,253.21 C 263.74,254.44 263.43,255.66 263.06,256.85 C 262.69,258.03 262.25,259.19 261.75,260.32 C 261.26,261.44 260.70,262.54 260.09,263.59 C 259.49,264.64 258.82,265.66 258.11,266.62 C 257.40,267.59 256.63,268.52 255.83,269.39 C 255.02,270.26 254.17,271.09 253.28,271.86 C 252.40,272.63 251.47,273.36 250.51,274.02 C 249.56,274.68 248.57,275.29 247.56,275.84 C 246.55,276.38 245.51,276.87 244.46,277.30 C 243.40,277.73 242.33,278.10 241.25,278.41 C 240.17,278.71 239.07,278.96 237.97,279.14 C 236.88,279.33 235.77,279.45 234.67,279.51 C 233.58,279.57 232.48,279.57 231.39,279.52 C 230.31,279.46 229.23,279.34 228.17,279.17 C 227.10,278.99 226.05,278.76 225.03,278.47 C 224.01,278.18 223.00,277.84 222.03,277.45 C 221.05,277.05 220.10,276.61 219.18,276.11 C 218.27,275.62 217.38,275.08 216.53,274.50 C 215.69,273.91 214.87,273.28 214.10,272.62 C 213.33,271.95 212.60,271.24 211.92,270.51 C 211.24,269.77 210.59,269.00 210.00,268.20 C 209.41,267.40 208.86,266.57 208.37,265.72 C 207.87,264.87 207.42,263.99 207.03,263.10 C 206.63,262.21 206.29,261.30 206.00,260.39 C 205.71,259.47 205.47,258.54 205.28,257.60 C 205.09,256.67 204.96,255.73 204.88,254.79 C 204.79,253.86 204.76,252.91 204.78,251.98 C 204.80,251.05 204.88,250.13 205.00,249.21 C 205.12,248.30 205.29,247.40 205.51,246.51 C 205.72,245.63 205.99,244.76 206.30,243.92 C 206.61,243.07 206.97,242.24 207.37,241.45 C 207.76,240.65 208.20,239.88 208.68,239.14 C 209.15,238.40 209.67,237.68 210.22,237.01 C 210.77,236.33 211.35,235.69 211.97,235.08 C 212.58,234.48 213.23,233.91 213.89,233.38 C 214.56,232.85 215.26,232.36 215.97,231.91 C 216.68,231.47 217.42,231.06 218.17,230.70 C 218.92,230.34 219.69,230.02 220.47,229.74 C 221.24,229.47 222.04,229.24 222.83,229.05 C 223.62,228.87 224.42,228.73 225.22,228.63 C 226.02,228.54 226.83,228.48 227.62,228.48 C 228.42,228.47 229.22,228.51 230.00,228.59 C 230.78,228.66 231.56,228.79 232.32,228.95 C 233.09,229.11 233.84,229.32 234.57,229.56 C 235.30,229.80 236.02,230.09 236.71,230.40 C 237.40,230.72 238.08,231.08 238.72,231.47 C 239.37,231.85 239.99,232.28 240.58,232.73 C 241.18,233.18 241.75,233.66 242.28,234.17 C 242.81,234.68 243.32,235.21 243.79,235.77 C 244.26,236.33 244.70,236.91 245.10,237.51 C 245.50,238.11 245.87,238.73 246.20,239.36 C 246.53,239.99 246.82,240.64 247.08,241.30 C 247.33,241.96 247.55,242.63 247.73,243.30 C 247.91,243.97 248.05,244.66 248.15,245.34 C 248.26,246.02 248.32,246.71 248.35,247.39 C 248.38,248.07 248.37,248.75 248.32,249.42 C 248.28,250.10 248.19,250.77 248.07,251.42 C 247.95,252.08 247.80,252.73 247.61,253.36 C 247.42,253.99 247.20,254.61 246.95,255.21 C 246.69,255.81 246.41,256.40 246.09,256.96 C 245.78,257.53 245.43,258.07 245.06,258.59 C 244.69,259.11 244.29,259.61 243.87,260.08 C 243.46,260.55 243.01,261.00 242.54,261.41 C 242.08,261.83 241.59,262.22 241.09,262.58 C 240.59,262.94 240.07,263.27 239.54,263.57 C 239.01,263.87 238.46,264.14 237.90,264.38 C 237.35,264.61 236.78,264.82 236.21,264.99 C 235.64,265.16 235.06,265.30 234.48,265.41 C 233.90,265.52 233.31,265.59 232.73,265.63 C 232.15,265.67 231.56,265.68 230.99,265.66 C 230.41,265.64 229.83,265.59 229.27,265.50 C 228.70,265.42 228.14,265.30 227.60,265.16 C 227.05,265.02 226.52,264.84 225.99,264.64 C 225.47,264.44 224.96,264.21 224.47,263.96 C 223.98,263.70 223.51,263.42 223.05,263.12 C 222.60,262.82 222.16,262.49 221.75,262.14 C 221.33,261.80 220.94,261.43 220.57,261.04 C 220.20,260.65 219.85,260.25 219.53,259.83 C 219.21,259.41 218.91,258.97 218.64,258.53 C 218.37,258.08 218.13,257.62 217.91,257.15 C 217.70,256.68 217.50,256.20 217.34,255.72 C 217.18,255.23 217.04,254.74 216.94,254.24 C 216.83,253.75 216.75,253.25 216.70,252.75 C 216.65,252.26 216.62,251.76 216.63,251.26 C 216.63,250.77 216.66,250.28 216.72,249.79 C 216.77,249.31 216.86,248.82 216.97,248.35 C 217.07,247.88 217.21,247.42 217.37,246.97 C 217.52,246.52 217.71,246.07 217.91,245.65 C 218.11,245.22 218.34,244.81 218.59,244.41 C 218.83,244.01 219.10,243.63 219.39,243.27 C 219.67,242.90 219.98,242.56 220.30,242.23 C 220.62,241.90 220.96,241.59 221.31,241.31 C 221.66,241.02 222.02,240.76 222.40,240.51 C 222.77,240.27 223.16,240.05 223.56,239.85 C 223.95,239.65 224.36,239.48 224.77,239.32 C 225.18,239.17 225.60,239.04 226.02,238.94 C 226.44,238.83 226.86,238.75 227.29,238.69 C 227.71,238.64 228.14,238.60 228.56,238.59 C 228.98,238.58 229.40,238.59 229.82,238.63 C 230.24,238.66 230.65,238.72 231.06,238.80 C 231.46,238.88 231.87,238.99 232.26,239.11 C 232.65,239.23 233.21,239.47 233.40,239.5414:["$","g","10",{"className":"spiral-spin","style":{"transformOrigin":"230px 250px","--spiral-duration":"38s","--spiral-direction":"normal"},"children":[["$","path","0",{"d":"$3d","fill":"none","stroke":"#2f3774","strokeWidth":4.25,"strokeLinecap":"round","opacity":0.85}],"$L3e","$L3f"]}]
40:T1b8f,M 270.00,550.00 C 269.79,551.36 269.30,555.47 268.72,558.13 C 268.13,560.79 267.39,563.42 266.51,565.97 C 265.63,568.51 264.59,571.01 263.43,573.40 C 262.27,575.80 260.97,578.13 259.55,580.34 C 258.13,582.56 256.58,584.69 254.93,586.70 C 253.28,588.72 251.51,590.63 249.66,592.41 C 247.81,594.20 245.85,595.87 243.82,597.40 C 241.80,598.94 239.68,600.35 237.51,601.63 C 235.34,602.90 233.10,604.04 230.82,605.04 C 228.55,606.03 226.21,606.89 223.86,607.61 C 221.51,608.32 219.12,608.89 216.73,609.32 C 214.34,609.75 211.93,610.04 209.53,610.18 C 207.14,610.32 204.73,610.32 202.36,610.18 C 200.00,610.04 197.64,609.76 195.33,609.35 C 193.02,608.94 190.74,608.39 188.52,607.72 C 186.30,607.05 184.12,606.24 182.02,605.33 C 179.92,604.41 177.88,603.37 175.93,602.22 C 173.97,601.08 172.08,599.82 170.30,598.47 C 168.51,597.12 166.81,595.66 165.21,594.13 C 163.62,592.59 162.11,590.96 160.72,589.28 C 159.34,587.59 158.05,585.81 156.88,583.99 C 155.72,582.17 154.66,580.28 153.72,578.36 C 152.79,576.44 151.97,574.46 151.28,572.46 C 150.59,570.47 150.01,568.43 149.56,566.39 C 149.11,564.35 148.79,562.28 148.58,560.23 C 148.38,558.17 148.30,556.11 148.34,554.07 C 148.38,552.03 148.54,549.99 148.82,547.99 C 149.09,545.99 149.49,544.01 149.99,542.08 C 150.49,540.15 151.11,538.25 151.83,536.41 C 152.54,534.58 153.37,532.78 154.29,531.07 C 155.21,529.35 156.23,527.68 157.33,526.10 C 158.43,524.52 159.62,523.01 160.89,521.58 C 162.15,520.16 163.50,518.81 164.91,517.56 C 166.31,516.31 167.80,515.14 169.32,514.08 C 170.84,513.01 172.44,512.04 174.06,511.17 C 175.68,510.31 177.35,509.53 179.04,508.87 C 180.74,508.21 182.47,507.65 184.21,507.19 C 185.94,506.74 187.71,506.39 189.47,506.14 C 191.23,505.90 193.00,505.76 194.76,505.72 C 196.51,505.69 198.27,505.76 200.00,505.93 C 201.73,506.10 203.45,506.37 205.12,506.74 C 206.80,507.10 208.45,507.57 210.05,508.12 C 211.66,508.68 213.23,509.33 214.73,510.06 C 216.24,510.79 217.71,511.61 219.10,512.51 C 220.50,513.40 221.84,514.38 223.11,515.41 C 224.38,516.45 225.58,517.57 226.70,518.73 C 227.83,519.90 228.88,521.13 229.85,522.41 C 230.81,523.69 231.70,525.02 232.50,526.38 C 233.31,527.75 234.02,529.16 234.65,530.59 C 235.28,532.03 235.82,533.50 236.27,534.98 C 236.72,536.45 237.08,537.96 237.35,539.47 C 237.62,540.97 237.80,542.49 237.89,544.00 C 237.98,545.51 237.98,547.02 237.89,548.51 C 237.80,550.00 237.63,551.49 237.37,552.94 C 237.11,554.39 236.76,555.83 236.34,557.23 C 235.92,558.62 235.41,560.00 234.83,561.32 C 234.26,562.64 233.60,563.93 232.88,565.16 C 232.16,566.39 231.37,567.58 230.52,568.70 C 229.67,569.82 228.75,570.90 227.78,571.90 C 226.82,572.91 225.79,573.85 224.73,574.73 C 223.66,575.60 222.55,576.41 221.40,577.15 C 220.26,577.88 219.06,578.55 217.85,579.14 C 216.64,579.72 215.40,580.24 214.14,580.68 C 212.89,581.11 211.60,581.47 210.32,581.76 C 209.03,582.04 207.73,582.24 206.44,582.37 C 205.15,582.50 203.84,582.55 202.56,582.53 C 201.28,582.50 199.99,582.40 198.73,582.23 C 197.48,582.05 196.23,581.80 195.01,581.49 C 193.80,581.17 192.60,580.78 191.45,580.33 C 190.29,579.88 189.16,579.36 188.08,578.78 C 187.00,578.20 185.95,577.56 184.95,576.87 C 183.96,576.17 183.00,575.42 182.11,574.63 C 181.21,573.83 180.36,572.98 179.58,572.10 C 178.79,571.21 178.05,570.28 177.38,569.32 C 176.71,568.36 176.10,567.35 175.55,566.33 C 175.01,565.31 174.52,564.26 174.10,563.19 C 173.69,562.13 173.33,561.04 173.05,559.94 C 172.76,558.85 172.54,557.74 172.39,556.63 C 172.23,555.52 172.15,554.40 172.12,553.30 C 172.10,552.19 172.14,551.09 172.25,550.00 C 172.36,548.91 172.53,547.83 172.76,546.78 C 172.99,545.72 173.29,544.68 173.63,543.67 C 173.98,542.66 174.39,541.67 174.85,540.72 C 175.31,539.77 175.83,538.85 176.39,537.97 C 176.96,537.09 177.57,536.25 178.22,535.45 C 178.88,534.65 179.58,533.89 180.31,533.19 C 181.05,532.48 181.83,531.82 182.63,531.21 C 183.43,530.60 184.27,530.04 185.13,529.53 C 185.99,529.03 186.88,528.58 187.78,528.18 C 188.68,527.79 189.61,527.45 190.54,527.16 C 191.47,526.88 192.42,526.65 193.37,526.48 C 194.31,526.31 195.27,526.20 196.22,526.14 C 197.17,526.09 198.12,526.09 199.06,526.14 C 200.00,526.20 200.94,526.31 201.85,526.47 C 202.77,526.63 203.67,526.85 204.55,527.12 C 205.43,527.39 206.29,527.70 207.13,528.07 C 207.96,528.43 208.77,528.85 209.54,529.30 C 210.32,529.75 211.07,530.25 211.77,530.79 C 212.48,531.32 213.16,531.90 213.79,532.51 C 214.42,533.11 215.02,533.76 215.57,534.43 C 216.12,535.10 216.63,535.80 217.09,536.53 C 217.55,537.25 217.97,538.00 218.34,538.76 C 218.71,539.52 219.04,540.31 219.31,541.10 C 219.59,541.89 219.82,542.70 219.99,543.50 C 220.17,544.31 220.30,545.13 220.38,545.95 C 220.46,546.76 220.49,547.58 220.48,548.39 C 220.46,549.20 220.40,550.01 220.29,550.80 C 220.18,551.59 220.02,552.38 219.83,553.14 C 219.63,553.90 219.38,554.66 219.10,555.39 C 218.81,556.11 218.48,556.82 218.12,557.51 C 217.76,558.19 217.35,558.85 216.92,559.47 C 216.48,560.10 216.01,560.70 215.50,561.26 C 215.00,561.83 214.47,562.36 213.91,562.86 C 213.35,563.36 212.77,563.82 212.16,564.24 C 211.56,564.66 210.93,565.05 210.28,565.39 C 209.64,565.74 208.98,566.04 208.31,566.30 C 207.64,566.57 206.95,566.79 206.26,566.97 C 205.57,567.15 204.87,567.29 204.17,567.39 C 203.48,567.48 202.77,567.54 202.08,567.55 C 201.38,567.57 200.68,567.54 200.00,567.47 C 199.32,567.40 198.63,567.30 197.97,567.15 C 197.31,567.01 196.65,566.82 196.01,566.60 C 195.38,566.38 194.76,566.12 194.16,565.83 C 193.56,565.54 192.98,565.22 192.43,564.86 C 191.87,564.51 191.34,564.12 190.84,563.71 C 190.34,563.30 189.86,562.86 189.41,562.39 C 188.97,561.93 188.55,561.44 188.17,560.94 C 187.79,560.43 187.43,559.90 187.11,559.36 C 186.80,558.82 186.51,558.26 186.26,557.69 C 186.01,557.13 185.80,556.54 185.62,555.96 C 185.44,555.37 185.30,554.77 185.19,554.18 C 185.09,553.58 185.02,552.98 184.98,552.38 C 184.94,551.78 184.95,551.18 184.98,550.59 C 185.01,550.00 185.08,549.41 185.19,548.83 C 185.29,548.26 185.43,547.69 185.59,547.13 C 185.76,546.58 185.96,546.04 186.19,545.51 C 186.42,544.99 186.68,544.48 186.97,543.99 C 187.25,543.50 187.57,543.03 187.90,542.59 C 188.24,542.14 188.60,541.72 188.99,541.32 C 189.37,540.92 189.78,540.54 190.20,540.20 C 190.62,539.85 191.06,539.53 191.52,539.24 C 191.97,538.95 192.44,538.68 192.92,538.45 C 193.40,538.22 193.90,538.01 194.39,537.84 C 194.89,537.67 195.40,537.52 195.91,537.41 C 196.42,537.30 196.93,537.22 197.45,537.17 C 197.96,537.12 198.48,537.10 198.99,537.11 C 199.49,537.12 200.00,537.16 200.50,537.23 C 201.00,537.29 201.50,537.39 201.98,537.52 C 202.46,537.64 202.93,537.80 203.39,537.98 C 203.85,538.16 204.30,538.36 204.73,538.59 C 205.15,538.82 205.57,539.08 205.96,539.35 C 206.36,539.62 206.74,539.92 207.09,540.24 C 207.45,540.55 207.78,540.89 208.10,541.24 C 208.41,541.59 208.70,541.96 208.97,542.34 C 209.23,542.72 209.47,543.12 209.69,543.52 C 209.91,543.93 210.10,544.35 210.27,544.77 C 210.43,545.19 210.57,545.62 210.68,546.06 C 210.80,546.49 210.89,546.93 210.95,547.37 C 211.01,547.81 211.04,548.25 211.05,548.69 C 211.06,549.13 211.01,549.78 211.00,550.0015:["$","g","11",{"className":"spiral-spin","style":{"transformOrigin":"200px 550px","--spiral-duration":"41s","--spiral-direction":"reverse"},"children":[["$","path","0",{"d":"$40","fill":"none","stroke":"#2f3774","strokeWidth":4.25,"strokeLinecap":"round","opacity":0.85}],"$L41","$L42"]}]
43:T887,M19.8585 17.4539c0.0476 -0.3359 0.0043 -0.6783 -0.1254 -0.9917 -0.1298 -0.3134 -0.3413 -0.5863 -0.6124 -0.7901 -0.2711 -0.2039 -0.592 -0.3313 -0.9291 -0.3689 -0.3371 -0.0376 -0.6781 0.0159 -0.9875 0.1549 -0.9384 0.4481 -1.7871 1.0635 -2.5047 1.8162 -0.439 0.3692 -1.9259 1.4768 -1.9957 1.5068 -0.8136 -0.0082 -1.6175 -0.1778 -2.365 -0.499 0 -0.0998 0.0698 -0.1896 0.1896 -0.3492 1.2274 -1.7064 2.824 -2.3051 1.6964 -3.9915 -0.1758 -0.2459 -0.4252 -0.4297 -0.7121 -0.5247 -0.287 -0.0951 -0.5967 -0.0965 -0.8845 -0.0042 -1.81616 0.2794 -3.62232 2.1055 -5.34865 2.7841 -0.07983 0 -0.15966 0 -0.17962 0.0499 -0.28938 -1.9958 -2.14544 -1.457 -2.85393 -1.4669 -0.7085 -0.01 -2.2951244 -0.1198 -1.995761 0.5688 0.031154 0.0775 0.091434 0.1397 0.167916 0.1732 0.076483 0.0336 0.163077 0.0359 0.241215 0.0064 0.51457 -0.073 1.03791 -0.0561 1.54671 0.0499 0.99788 0.1097 1.6964 -0.1697 1.80616 0.7184v5.8476c0 0.6985 -0.05987 0.8781 -1.16752 0.9979 -0.66646 0.0491 -1.33639 0.0189 -1.995753 -0.0898 -0.093952 -0.0172 -0.19089 0.0036 -0.269488 0.0579 -0.078599 0.0542 -0.132419 0.1375 -0.149621 0.2315 -0.017203 0.0939 0.003621 0.1909 0.057892 0.2695 0.05427 0.0786 0.13754 0.1324 0.231492 0.1496 0.701128 0.1564 1.417098 0.2367 2.135458 0.2395 0.99788 0 1.6964 -0.1597 2.04566 -0.9979l2.34501 -0.5189c3.71213 0.9979 8.79133 1.1575 12.04443 -0.9081 1.2473 -0.8083 2.6244 -1.8061 1.9359 -3.1333 -0.112 -0.2766 -0.2996 -0.5159 -0.5414 -0.6907 -0.2419 -0.1747 -0.528 -0.2777 -0.8257 -0.2972Zm-4.5404 0.6785c0.9979 -0.6486 2.345 -1.9957 3.1134 -1.7063 0.2212 0.0755 0.4063 0.231 0.5189 0.4359 0.1126 0.2049 0.1446 0.4444 0.0898 0.6717 -1.9359 0.4291 -2.8739 0.8382 -4.6002 1.0677 0.3193 -0.1596 0.6386 -0.3293 0.8781 -0.469Zm3.3329 2.4349c-4.2509 2.9238 -11.20615 1.0976 -11.47558 1.1675 -2.3051 0.5788 -2.10553 0.5788 -2.09555 0.4889 0.14485 -1.7325 0.16819 -3.4731 0.06985 -5.2089 1.32718 -0.0698 5.65798 -3.6822 6.31658 -2.5945 0.6586 1.0877 -0.5389 1.3073 -1.76625 2.8939 -0.62866 0.8182 -0.47898 1.3671 -0.09978 1.7562 0.55613 0.3984 1.19923 0.6584 1.87603 0.7584 2.345 0.5888 6.3365 -0.7384 7.2047 -0.908 0.6885 -0.1497 1.1775 -0.469 1.4768 0.0998 0.2994 0.5687 -1.0477 1.2373 -1.5068 1.5467Z16:["$","div",null,{"className":"landing-shell","id":"hero-pin","children":["$","div",null,{"className":"landing-left","id":"hero-left","children":[["$","div",null,{"className":"hero-intro","children":[["$","h1",null,{"style":{"fontSize":"clamp(28px,5vw,42px)","fontWeight":800,"lineHeight":1.1,"marginBottom":"10px","letterSpacing":"-0.02em"},"children":["Hi ",["$","span",null,{"className":"wave-emoji","children":["$","svg",null,{"xmlns":"http://www.w3.org/2000/svg","fill":"none","viewBox":"0 0 14 14","stroke":"currentColor","strokeLinecap":"round","strokeLinejoin":"round","width":34,"height":34,"className":"$undefined","children":[["$","path",null,{"strokeWidth":"1","d":"M13.0443 3.93782c-0.0366 -0.56553 -0.2345 -1.08222 -0.5459 -1.50813"}],["$","path",null,{"strokeWidth":"1","d":"M3.41698 1.56439c0.31445 -0.47148 0.74416 -0.820009 1.22682 -1.03314"}],["$","path",null,{"strokeWidth":"1","d":"m3.16846 12.0111 -0.34587 -0.3935c-0.48 -0.5462 -0.85672 -1.1751 -1.1118 -1.85601l-0.68733 -1.8348c-0.170189 -0.45431 -0.026531 -0.96653 0.35509 -1.26608v0c0.57239 -0.4493 1.41488 -0.23759 1.70688 0.42892l0.58048 1.32501c0.43499 0.11656 1.43235 0.57029 1.94185 1.45276"}],["$","path",null,{"strokeWidth":"1","d":"m3.66628 8.41626 1.45695 -5.43738c0.16093 -0.6006 0.77827 -0.95702 1.37886 -0.79609v0c0.6006 0.16093 0.95702 0.77827 0.79609 1.37886l-0.87416 3.26244 1.22383 -4.56741c0.16093 -0.6006 0.77827 -0.95702 1.37887 -0.79609v0c0.60059 0.16093 0.95701 0.77827 0.79608 1.37887l-1.34038 5.0024 0.75761 -2.82745c0.16093 -0.60059 0.77827 -0.95701 1.37887 -0.79608v0c0.6006 0.16092 0.957 0.77826 0.7961 1.37886L9.70623 11.9743c-0.13729 0.5124 -0.47249 0.9492 -0.93185 1.2145l-0.38566 0.2226"}]]}]}]," Shubhan here"]}],["$","p",null,{"style":{"fontSize":"15px","color":"rgba(255,255,255,0.75)","marginBottom":"46px","lineHeight":1.65},"children":["I am a ",["$","span",null,{"style":{"color":"#fff","fontWeight":700},"children":"23"}]," yo Software Engineer from India.",["$","br",null,{}],"I love solving problems and building things",["$","br",null,{}],"that run on real hardware."]}]]}],["$","div",null,{"className":"hero-avatar-row","style":{"display":"flex","alignItems":"center","gap":"10px","marginBottom":"14px"},"children":[["$","img",null,{"src":"/media/bali.jpg","alt":"Shubhan Mehrotra","className":"hero-avatar","style":{"borderRadius":"50%","objectFit":"cover","border":"2px solid rgba(255,255,255,0.35)","flexShrink":0}}],["$","div",null,{"className":"hero-avatar-info","children":[["$","div",null,{"style":{"display":"flex","alignItems":"center","gap":"7px"},"children":[["$","span",null,{"style":{"fontWeight":700,"fontSize":"16px"},"children":"Shubhan Mehrotra"}],["$","svg",null,{"viewBox":"0 0 24 24","fill":"none","xmlns":"http://www.w3.org/2000/svg","width":16,"height":16,"className":"opacity-60","children":[["$","path",null,{"fillRule":"evenodd","clipRule":"evenodd","fill":"currentColor","d":"$43"}],"$L44","$L45","$L46"]}]]}],"$L47"]}]]}],"$L48","$L49","$L4a","$L4b"]}]}]
17:["$","section",null,{"id":"skills","className":"scroll-section","children":["$","div",null,{"className":"scroll-section-inner","children":[["$","h2",null,{"style":{"fontSize":"22px","fontWeight":700,"marginBottom":"32px","textAlign":"center"},"children":"Skills"}],["$","div",null,{"className":"content-panel","style":{"display":"flex","flexDirection":"column","gap":"26px"},"children":[["$","div","Languages",{"children":[["$","div",null,{"style":{"fontSize":"11px","color":"rgba(255,255,255,0.65)","textTransform":"uppercase","letterSpacing":"0.08em","fontWeight":700,"marginBottom":"12px"},"children":"Languages"}],["$","div",null,{"style":{"display":"flex","flexWrap":"wrap","gap":"10px 12px"},"children":[["$","span","Python 3",{"className":"skill-note","style":{"color":"#2b1a08","background":"#f6d55c","transform":"rotate(0.47deg)","outline":"none","outlineOffset":"2px"},"children":["Python 3",""]}],["$","span","Go",{"className":"skill-note","style":{"color":"#2b1a08","background":"#f6d55c","transform":"rotate(3.77deg)","outline":"2px solid #1c7a3c","outlineOffset":"2px"},"children":["Go"," ↑"]}],["$","span","TypeScript",{"className":"skill-note","style":{"color":"#2b1a08","background":"#f6d55c","transform":"rotate(-0.53deg)","outline":"none","outlineOffset":"2px"},"children":["TypeScript",""]}],["$","span","SQL",{"className":"skill-note","style":{"color":"#2b1a08","background":"#f6d55c","transform":"rotate(-2.91deg)","outline":"none","outlineOffset":"2px"},"children":["SQL",""]}],["$","span","Java",{"className":"skill-note","style":{"color":"#2b1a08","background":"#f6d55c","transform":"rotate(1.79deg)","outline":"none","outlineOffset":"2px"},"children":["Java",""]}],["$","span","C / C++",{"className":"skill-note","style":{"color":"#2b1a08","background":"#f6d55c","transform":"rotate(-0.24deg)","outline":"none","outlineOffset":"2px"},"children":["C / C++",""]}]]}]]}],["$","div","Backend",{"children":[["$","div",null,{"style":{"fontSize":"11px","color":"rgba(255,255,255,0.65)","textTransform":"uppercase","letterSpacing":"0.08em","fontWeight":700,"marginBottom":"12px"},"children":"Backend"}],["$","div",null,{"style":{"display":"flex","flexWrap":"wrap","gap":"10px 12px"},"children":[["$","span","FastAPI",{"className":"skill-note","style":{"color":"#2b1a08","background":"#e8998d","transform":"rotate(-2.68deg)","outline":"none","outlineOffset":"2px"},"children":["FastAPI",""]}],["$","span","Django",{"className":"skill-note","style":{"color":"#2b1a08","background":"#e8998d","transform":"rotate(-2.33deg)","outline":"none","outlineOffset":"2px"},"children":["Django",""]}],["$","span","RESTful APIs",{"className":"skill-note","style":{"color":"#2b1a08","background":"#e8998d","transform":"rotate(3.33deg)","outline":"none","outlineOffset":"2px"},"children":["RESTful APIs",""]}],["$","span","Microservices",{"className":"skill-note","style":{"color":"#2b1a08","background":"#e8998d","transform":"rotate(-3.99deg)","outline":"none","outlineOffset":"2px"},"children":["Microservices",""]}],["$","span","Event-Driven Architecture",{"className":"skill-note","style":{"color":"#2b1a08","background":"#e8998d","transform":"rotate(2.51deg)","outline":"none","outlineOffset":"2px"},"children":["Event-Driven Architecture",""]}],["$","span","Billing Systems",{"className":"skill-note","style":{"color":"#2b1a08","background":"#e8998d","transform":"rotate(2.6deg)","outline":"none","outlineOffset":"2px"},"children":["Billing Systems",""]}]]}]]}],["$","div","Cloud & DevOps",{"children":[["$","div",null,{"style":{"fontSize":"11px","color":"rgba(255,255,255,0.65)","textTransform":"uppercase","letterSpacing":"0.08em","fontWeight":700,"marginBottom":"12px"},"children":"Cloud & DevOps"}],["$","div",null,{"style":{"display":"flex","flexWrap":"wrap","gap":"10px 12px"},"children":[["$","span","AWS Lambda",{"className":"skill-note","style":{"color":"#2b1a08","background":"#8fbc94","transform":"rotate(-1.03deg)","outline":"none","outlineOffset":"2px"},"children":["AWS Lambda",""]}],["$","span","SQS / EventBridge",{"className":"skill-note","style":{"color":"#2b1a08","background":"#8fbc94","transform":"rotate(-1.83deg)","outline":"none","outlineOffset":"2px"},"children":["SQS / EventBridge",""]}],["$","span","ECS / EC2",{"className":"skill-note","style":{"color":"#2b1a08","background":"#8fbc94","transform":"rotate(-3.08deg)","outline":"none","outlineOffset":"2px"},"children":["ECS / EC2",""]}],["$","span","IAM / CloudWatch",{"className":"skill-note","style":{"color":"#2b1a08","background":"#8fbc94","transform":"rotate(-0.18deg)","outline":"none","outlineOffset":"2px"},"children":["IAM / CloudWatch",""]}],"$L4c","$L4d","$L4e","$L4f"]}]]}],"$L50","$L51","$L52","$L53"]}]]}]}]
18:["$","section",null,{"id":"experience","className":"scroll-section","children":["$","div",null,{"className":"scroll-section-inner","children":[["$","h2",null,{"style":{"fontSize":"22px","fontWeight":700,"marginBottom":"32px","textAlign":"center"},"children":"Experience"}],["$","div",null,{"className":"content-panel","children":["$","$L54",null,{}]}]]}]}]
19:["$","section",null,{"id":"projects","className":"scroll-section","children":["$","div",null,{"className":"scroll-section-inner","children":[["$","h2",null,{"style":{"fontSize":"22px","fontWeight":700,"marginBottom":"32px","textAlign":"center"},"children":"Projects"}],["$","$L55",null,{}],["$","$L56",null,{}]]}]}]
1a:["$","script","script-0",{"src":"/_next/static/chunks/2xit_y3s9zxut.js","async":true,"nonce":"$undefined"}]
1b:["$","script","script-1",{"src":"/_next/static/chunks/2zixpx-plf4hq.js","async":true,"nonce":"$undefined"}]
1c:["$","$L57",null,{"children":["$","$58",null,{"name":"Next.MetadataOutlet","children":"$@59"}]}]
1d:["$","$1","h",{"children":[null,["$","$L5a",null,{"children":"$L5b"}],["$","div",null,{"hidden":true,"children":["$","$L5c",null,{"children":["$","$58",null,{"name":"Next.Metadata","children":"$L5d"}]}]}],["$","meta",null,{"name":"next-size-adjust","content":""}]]}]
1f:["$","link","0",{"rel":"stylesheet","href":"/_next/static/chunks/25kcvr0xjnqek.css","precedence":"next","crossOrigin":"$undefined","nonce":"$undefined"}]
74:I[34121,["/_next/static/chunks/05-c3ty_6dwfk.js","/_next/static/chunks/14mrh2-p_w84d.js","/_next/static/chunks/2xit_y3s9zxut.js","/_next/static/chunks/2zixpx-plf4hq.js"],"default"]
75:I[31292,["/_next/static/chunks/05-c3ty_6dwfk.js","/_next/static/chunks/14mrh2-p_w84d.js","/_next/static/chunks/2xit_y3s9zxut.js","/_next/static/chunks/2zixpx-plf4hq.js"],"default"]
5e:T1b8f,M 440.00,380.00 C 439.72,381.74 439.08,387.03 438.32,390.45 C 437.57,393.87 436.60,397.25 435.46,400.52 C 434.32,403.79 432.98,406.99 431.49,410.06 C 429.99,413.14 428.30,416.12 426.48,418.97 C 424.65,421.81 422.65,424.54 420.52,427.12 C 418.40,429.70 416.12,432.15 413.74,434.44 C 411.35,436.72 408.83,438.86 406.23,440.83 C 403.62,442.79 400.90,444.60 398.11,446.22 C 395.33,447.85 392.45,449.31 389.52,450.58 C 386.60,451.85 383.60,452.94 380.59,453.85 C 377.58,454.76 374.51,455.49 371.44,456.03 C 368.38,456.57 365.28,456.93 362.21,457.10 C 359.14,457.28 356.06,457.27 353.03,457.08 C 350.00,456.90 346.97,456.53 344.02,456.00 C 341.06,455.47 338.14,454.75 335.30,453.89 C 332.47,453.02 329.68,451.98 326.99,450.80 C 324.31,449.62 321.70,448.28 319.20,446.81 C 316.70,445.34 314.29,443.72 312.01,441.99 C 309.73,440.26 307.56,438.39 305.52,436.42 C 303.48,434.46 301.57,432.37 299.80,430.20 C 298.03,428.04 296.39,425.77 294.90,423.44 C 293.41,421.11 292.07,418.69 290.88,416.23 C 289.69,413.77 288.66,411.24 287.78,408.69 C 286.90,406.14 286.17,403.53 285.60,400.92 C 285.04,398.32 284.63,395.68 284.37,393.05 C 284.12,390.43 284.02,387.79 284.08,385.19 C 284.14,382.58 284.35,379.98 284.71,377.43 C 285.06,374.89 285.57,372.36 286.22,369.90 C 286.87,367.44 287.66,365.02 288.58,362.68 C 289.50,360.34 290.57,358.06 291.74,355.87 C 292.91,353.68 294.22,351.56 295.63,349.55 C 297.03,347.54 298.56,345.61 300.18,343.80 C 301.79,341.99 303.52,340.28 305.31,338.69 C 307.11,337.10 309.00,335.62 310.94,334.27 C 312.89,332.92 314.92,331.68 316.98,330.58 C 319.05,329.49 321.18,328.51 323.34,327.67 C 325.49,326.83 327.70,326.12 329.91,325.55 C 332.12,324.98 334.37,324.54 336.61,324.23 C 338.85,323.92 341.11,323.75 343.34,323.71 C 345.57,323.67 347.81,323.77 350.00,323.99 C 352.19,324.21 354.38,324.56 356.51,325.03 C 358.63,325.50 360.74,326.10 362.77,326.81 C 364.80,327.52 366.79,328.36 368.71,329.29 C 370.62,330.22 372.48,331.27 374.25,332.41 C 376.02,333.54 377.72,334.79 379.33,336.11 C 380.93,337.43 382.46,338.85 383.88,340.33 C 385.30,341.82 386.63,343.39 387.85,345.01 C 389.08,346.63 390.20,348.33 391.21,350.06 C 392.22,351.79 393.13,353.58 393.92,355.40 C 394.71,357.22 395.40,359.09 395.96,360.96 C 396.53,362.84 396.98,364.75 397.32,366.66 C 397.65,368.56 397.87,370.49 397.98,372.40 C 398.09,374.31 398.09,376.23 397.97,378.12 C 397.86,380.00 397.63,381.88 397.30,383.72 C 396.97,385.56 396.52,387.38 395.98,389.15 C 395.44,390.91 394.80,392.65 394.06,394.32 C 393.33,395.99 392.49,397.61 391.58,399.17 C 390.67,400.72 389.66,402.22 388.58,403.64 C 387.50,405.06 386.34,406.41 385.11,407.68 C 383.89,408.95 382.59,410.14 381.24,411.24 C 379.90,412.35 378.48,413.37 377.03,414.29 C 375.58,415.21 374.08,416.05 372.55,416.79 C 371.02,417.53 369.44,418.18 367.85,418.72 C 366.26,419.27 364.64,419.72 363.02,420.08 C 361.40,420.43 359.76,420.68 358.12,420.84 C 356.49,421.00 354.85,421.06 353.23,421.02 C 351.61,420.99 349.99,420.86 348.40,420.63 C 346.82,420.41 345.24,420.09 343.71,419.69 C 342.18,419.29 340.68,418.79 339.22,418.22 C 337.77,417.65 336.34,416.99 334.98,416.26 C 333.62,415.53 332.30,414.71 331.05,413.84 C 329.80,412.96 328.60,412.01 327.47,411.01 C 326.35,410.00 325.28,408.93 324.29,407.81 C 323.30,406.69 322.38,405.52 321.54,404.31 C 320.70,403.10 319.93,401.83 319.25,400.55 C 318.56,399.26 317.96,397.93 317.43,396.59 C 316.91,395.25 316.47,393.88 316.11,392.50 C 315.76,391.12 315.48,389.73 315.29,388.33 C 315.10,386.94 315.00,385.53 314.97,384.15 C 314.95,382.76 315.01,381.37 315.14,380.00 C 315.28,378.63 315.50,377.28 315.79,375.95 C 316.09,374.63 316.46,373.32 316.90,372.05 C 317.34,370.79 317.86,369.55 318.44,368.36 C 319.02,367.17 319.67,366.01 320.38,364.91 C 321.09,363.81 321.86,362.75 322.69,361.75 C 323.51,360.75 324.39,359.80 325.31,358.92 C 326.24,358.03 327.22,357.20 328.22,356.44 C 329.23,355.68 330.29,354.98 331.37,354.35 C 332.44,353.72 333.56,353.16 334.69,352.67 C 335.82,352.17 336.99,351.75 338.15,351.40 C 339.32,351.05 340.51,350.76 341.70,350.55 C 342.88,350.34 344.08,350.21 345.27,350.14 C 346.46,350.07 347.65,350.07 348.83,350.15 C 350.00,350.22 351.17,350.36 352.32,350.57 C 353.46,350.77 354.59,351.05 355.69,351.38 C 356.79,351.72 357.87,352.12 358.91,352.58 C 359.95,353.03 360.96,353.55 361.93,354.12 C 362.90,354.69 363.83,355.32 364.71,355.99 C 365.60,356.66 366.44,357.39 367.23,358.15 C 368.02,358.91 368.76,359.72 369.44,360.56 C 370.13,361.39 370.76,362.27 371.34,363.18 C 371.92,364.08 372.44,365.02 372.90,365.97 C 373.36,366.92 373.76,367.90 374.10,368.89 C 374.44,369.88 374.72,370.89 374.94,371.90 C 375.16,372.91 375.32,373.93 375.42,374.94 C 375.52,375.96 375.55,376.98 375.53,377.99 C 375.51,379.00 375.43,380.01 375.29,380.99 C 375.15,381.98 374.95,382.96 374.70,383.91 C 374.45,384.86 374.14,385.80 373.79,386.71 C 373.43,387.61 373.02,388.50 372.56,389.35 C 372.11,390.19 371.60,391.01 371.06,391.79 C 370.51,392.57 369.92,393.32 369.30,394.02 C 368.67,394.72 368.00,395.38 367.31,396.00 C 366.61,396.61 365.88,397.19 365.13,397.71 C 364.37,398.23 363.59,398.71 362.79,399.14 C 361.99,399.56 361.16,399.94 360.33,400.27 C 359.49,400.59 358.64,400.87 357.78,401.09 C 356.92,401.31 356.05,401.48 355.19,401.60 C 354.32,401.72 353.44,401.78 352.58,401.80 C 351.72,401.81 350.85,401.78 350.00,401.69 C 349.15,401.61 348.30,401.47 347.48,401.29 C 346.66,401.11 345.84,400.87 345.05,400.60 C 344.27,400.32 343.50,400.00 342.75,399.64 C 342.01,399.28 341.29,398.87 340.61,398.43 C 339.92,397.99 339.26,397.51 338.64,397.00 C 338.02,396.49 337.43,395.94 336.88,395.36 C 336.33,394.79 335.81,394.18 335.34,393.55 C 334.87,392.92 334.43,392.27 334.04,391.60 C 333.65,390.93 333.30,390.23 332.99,389.53 C 332.68,388.82 332.42,388.10 332.20,387.37 C 331.98,386.65 331.81,385.91 331.67,385.17 C 331.54,384.43 331.46,383.68 331.42,382.94 C 331.37,382.20 331.38,381.46 331.42,380.73 C 331.46,380.00 331.55,379.27 331.68,378.56 C 331.81,377.85 331.98,377.14 332.19,376.46 C 332.40,375.77 332.65,375.10 332.93,374.45 C 333.22,373.81 333.54,373.18 333.90,372.58 C 334.25,371.97 334.64,371.39 335.06,370.84 C 335.48,370.29 335.93,369.77 336.40,369.28 C 336.87,368.79 337.38,368.33 337.90,367.90 C 338.42,367.47 338.97,367.08 339.53,366.72 C 340.09,366.36 340.68,366.04 341.27,365.75 C 341.86,365.46 342.47,365.21 343.09,365.00 C 343.70,364.79 344.33,364.62 344.96,364.48 C 345.58,364.34 346.22,364.24 346.85,364.18 C 347.49,364.12 348.12,364.10 348.75,364.11 C 349.38,364.12 350.00,364.18 350.62,364.26 C 351.23,364.35 351.84,364.47 352.43,364.63 C 353.03,364.78 353.61,364.98 354.17,365.20 C 354.74,365.42 355.29,365.67 355.82,365.96 C 356.34,366.24 356.85,366.56 357.34,366.89 C 357.82,367.23 358.29,367.60 358.72,367.99 C 359.16,368.38 359.57,368.80 359.96,369.23 C 360.34,369.66 360.70,370.12 361.02,370.59 C 361.35,371.05 361.65,371.54 361.91,372.04 C 362.18,372.54 362.41,373.05 362.61,373.57 C 362.82,374.09 362.99,374.62 363.12,375.16 C 363.26,375.69 363.37,376.23 363.44,376.77 C 363.52,377.31 363.56,377.86 363.57,378.39 C 363.58,378.93 363.51,379.73 363.50,380.0023:["$","path","1",{"d":"$5e","fill":"none","stroke":"#4c6394","strokeWidth":6.8,"strokeLinecap":"round","opacity":0.85}]
5f:T1b8f,M 430.00,380.00 C 429.75,381.55 429.18,386.25 428.51,389.29 C 427.84,392.33 426.98,395.33 425.97,398.24 C 424.95,401.14 423.76,403.99 422.43,406.72 C 421.10,409.45 419.60,412.11 417.98,414.64 C 416.35,417.16 414.58,419.60 412.69,421.89 C 410.80,424.18 408.77,426.36 406.66,428.39 C 404.54,430.42 402.29,432.32 399.98,434.07 C 397.66,435.81 395.24,437.42 392.77,438.86 C 390.29,440.31 387.73,441.60 385.13,442.73 C 382.54,443.87 379.87,444.84 377.19,445.65 C 374.51,446.45 371.78,447.10 369.06,447.58 C 366.34,448.06 363.58,448.38 360.85,448.54 C 358.13,448.69 355.39,448.68 352.69,448.52 C 350.00,448.36 347.31,448.03 344.68,447.55 C 342.06,447.08 339.46,446.45 336.94,445.68 C 334.41,444.91 331.94,443.99 329.55,442.94 C 327.16,441.89 324.84,440.69 322.62,439.39 C 320.40,438.08 318.26,436.64 316.23,435.10 C 314.21,433.56 312.27,431.90 310.46,430.15 C 308.65,428.41 306.95,426.55 305.37,424.63 C 303.80,422.70 302.34,420.68 301.02,418.61 C 299.70,416.54 298.51,414.39 297.45,412.20 C 296.40,410.02 295.47,407.77 294.69,405.50 C 293.91,403.23 293.26,400.91 292.76,398.60 C 292.25,396.28 291.89,393.93 291.67,391.60 C 291.44,389.27 291.36,386.93 291.40,384.61 C 291.45,382.30 291.64,379.98 291.96,377.72 C 292.28,375.45 292.73,373.21 293.31,371.02 C 293.88,368.83 294.59,366.68 295.41,364.60 C 296.22,362.52 297.17,360.49 298.21,358.55 C 299.26,356.60 300.42,354.72 301.67,352.93 C 302.92,351.15 304.28,349.43 305.71,347.82 C 307.15,346.22 308.68,344.69 310.28,343.28 C 311.87,341.87 313.55,340.55 315.28,339.35 C 317.01,338.15 318.81,337.05 320.65,336.08 C 322.49,335.10 324.38,334.23 326.30,333.49 C 328.22,332.74 330.18,332.11 332.14,331.60 C 334.11,331.09 336.11,330.70 338.10,330.43 C 340.09,330.16 342.09,330.00 344.08,329.97 C 346.06,329.93 348.05,330.02 350.00,330.21 C 351.95,330.41 353.89,330.72 355.78,331.14 C 357.67,331.56 359.54,332.09 361.35,332.72 C 363.16,333.35 364.93,334.09 366.63,334.92 C 368.33,335.75 369.98,336.68 371.56,337.69 C 373.13,338.71 374.64,339.81 376.07,340.99 C 377.49,342.16 378.85,343.42 380.11,344.74 C 381.38,346.06 382.56,347.46 383.65,348.90 C 384.73,350.34 385.73,351.84 386.63,353.38 C 387.53,354.92 388.34,356.52 389.04,358.14 C 389.75,359.75 390.35,361.41 390.85,363.08 C 391.36,364.74 391.76,366.44 392.06,368.14 C 392.36,369.83 392.55,371.55 392.65,373.24 C 392.75,374.94 392.74,376.65 392.64,378.32 C 392.54,380.00 392.34,381.67 392.04,383.31 C 391.75,384.94 391.35,386.56 390.87,388.13 C 390.39,389.70 389.82,391.24 389.17,392.73 C 388.52,394.21 387.77,395.66 386.96,397.04 C 386.15,398.42 385.25,399.75 384.29,401.01 C 383.33,402.28 382.30,403.48 381.21,404.61 C 380.13,405.73 378.97,406.79 377.77,407.77 C 376.57,408.75 375.32,409.66 374.03,410.48 C 372.74,411.30 371.40,412.05 370.04,412.70 C 368.68,413.36 367.28,413.93 365.87,414.42 C 364.46,414.91 363.02,415.31 361.57,415.62 C 360.13,415.94 358.67,416.16 357.22,416.30 C 355.77,416.44 354.31,416.50 352.87,416.47 C 351.43,416.44 349.99,416.32 348.58,416.12 C 347.17,415.92 345.77,415.64 344.41,415.28 C 343.05,414.92 341.71,414.48 340.42,413.98 C 339.12,413.47 337.86,412.88 336.65,412.23 C 335.44,411.58 334.27,410.86 333.16,410.08 C 332.04,409.30 330.98,408.45 329.98,407.56 C 328.97,406.67 328.03,405.71 327.15,404.72 C 326.27,403.73 325.45,402.68 324.70,401.61 C 323.96,400.53 323.27,399.41 322.66,398.27 C 322.06,397.12 321.52,395.94 321.05,394.75 C 320.59,393.56 320.20,392.34 319.88,391.11 C 319.56,389.89 319.32,388.64 319.15,387.41 C 318.98,386.17 318.89,384.92 318.86,383.69 C 318.84,382.45 318.89,381.21 319.02,380.00 C 319.14,378.79 319.33,377.58 319.59,376.40 C 319.85,375.22 320.19,374.06 320.58,372.94 C 320.97,371.81 321.43,370.71 321.95,369.65 C 322.46,368.59 323.04,367.56 323.67,366.59 C 324.30,365.61 324.99,364.66 325.72,363.78 C 326.45,362.89 327.24,362.05 328.06,361.26 C 328.88,360.47 329.75,359.74 330.64,359.06 C 331.54,358.38 332.48,357.76 333.44,357.20 C 334.39,356.64 335.39,356.14 336.39,355.70 C 337.40,355.27 338.43,354.89 339.47,354.58 C 340.51,354.26 341.56,354.01 342.62,353.83 C 343.67,353.64 344.74,353.52 345.80,353.46 C 346.85,353.40 347.91,353.40 348.96,353.46 C 350.00,353.53 351.04,353.65 352.06,353.84 C 353.08,354.02 354.08,354.26 355.06,354.56 C 356.04,354.86 357.00,355.22 357.92,355.62 C 358.84,356.03 359.74,356.49 360.60,357.00 C 361.46,357.50 362.29,358.06 363.08,358.66 C 363.86,359.26 364.61,359.90 365.31,360.58 C 366.01,361.25 366.67,361.97 367.28,362.72 C 367.89,363.46 368.46,364.24 368.97,365.05 C 369.48,365.85 369.94,366.68 370.35,367.53 C 370.76,368.37 371.12,369.25 371.42,370.12 C 371.72,371.00 371.97,371.90 372.17,372.80 C 372.36,373.69 372.51,374.60 372.59,375.51 C 372.68,376.41 372.71,377.32 372.69,378.21 C 372.67,379.11 372.60,380.01 372.48,380.88 C 372.36,381.76 372.18,382.63 371.96,383.48 C 371.73,384.32 371.46,385.16 371.14,385.96 C 370.83,386.77 370.46,387.55 370.06,388.31 C 369.65,389.06 369.20,389.79 368.72,390.48 C 368.23,391.18 367.71,391.84 367.15,392.46 C 366.60,393.08 366.00,393.67 365.38,394.22 C 364.77,394.77 364.12,395.28 363.45,395.74 C 362.78,396.21 362.08,396.63 361.37,397.01 C 360.66,397.39 359.92,397.73 359.18,398.02 C 358.44,398.30 357.68,398.55 356.92,398.75 C 356.15,398.94 355.38,399.09 354.61,399.20 C 353.84,399.30 353.06,399.36 352.29,399.38 C 351.53,399.39 350.76,399.36 350.00,399.28 C 349.24,399.21 348.49,399.08 347.76,398.92 C 347.03,398.76 346.30,398.55 345.60,398.31 C 344.90,398.07 344.22,397.78 343.56,397.46 C 342.90,397.14 342.26,396.78 341.65,396.38 C 341.04,395.99 340.46,395.56 339.90,395.11 C 339.35,394.65 338.83,394.17 338.34,393.66 C 337.85,393.14 337.39,392.60 336.97,392.05 C 336.55,391.49 336.16,390.90 335.81,390.31 C 335.46,389.71 335.15,389.09 334.88,388.47 C 334.61,387.84 334.37,387.20 334.18,386.55 C 333.98,385.91 333.83,385.25 333.71,384.59 C 333.59,383.94 333.52,383.27 333.48,382.62 C 333.44,381.96 333.45,381.30 333.48,380.65 C 333.52,380.00 333.60,379.35 333.72,378.72 C 333.83,378.09 333.98,377.46 334.17,376.85 C 334.36,376.24 334.58,375.65 334.83,375.07 C 335.08,374.50 335.37,373.94 335.69,373.40 C 336.00,372.87 336.35,372.35 336.72,371.86 C 337.09,371.37 337.49,370.91 337.91,370.47 C 338.33,370.03 338.78,369.62 339.24,369.24 C 339.71,368.86 340.19,368.51 340.69,368.20 C 341.19,367.88 341.71,367.59 342.24,367.33 C 342.77,367.08 343.31,366.86 343.85,366.67 C 344.40,366.48 344.96,366.32 345.52,366.20 C 346.08,366.08 346.64,365.99 347.20,365.94 C 347.77,365.89 348.33,365.86 348.89,365.88 C 349.45,365.89 350.00,365.93 350.55,366.01 C 351.10,366.09 351.64,366.20 352.16,366.34 C 352.69,366.47 353.21,366.64 353.71,366.84 C 354.21,367.04 354.70,367.27 355.17,367.52 C 355.64,367.77 356.09,368.05 356.52,368.35 C 356.95,368.65 357.37,368.98 357.76,369.33 C 358.14,369.67 358.51,370.04 358.85,370.43 C 359.19,370.81 359.51,371.22 359.80,371.63 C 360.09,372.05 360.35,372.48 360.59,372.93 C 360.82,373.37 361.03,373.83 361.21,374.29 C 361.39,374.75 361.54,375.22 361.67,375.70 C 361.79,376.17 361.88,376.65 361.95,377.13 C 362.01,377.61 362.05,378.09 362.06,378.57 C 362.07,379.05 362.01,379.76 362.00,380.0024:["$","path","2",{"d":"$5f","fill":"none","stroke":"#7ea4b0","strokeWidth":6.8,"strokeLinecap":"round","opacity":0.85}]
60:T1b3e,M 723.50,130.00 C 723.16,132.14 722.40,138.63 721.46,142.82 C 720.53,147.01 719.32,151.14 717.88,155.13 C 716.44,159.12 714.75,163.03 712.84,166.76 C 710.94,170.49 708.79,174.11 706.46,177.53 C 704.14,180.96 701.58,184.24 698.88,187.31 C 696.17,190.38 693.26,193.28 690.23,195.95 C 687.20,198.62 683.98,201.10 680.68,203.35 C 677.38,205.59 673.92,207.63 670.40,209.42 C 666.89,211.21 663.25,212.78 659.58,214.10 C 655.91,215.42 652.14,216.51 648.38,217.35 C 644.62,218.19 640.80,218.79 637.01,219.15 C 633.21,219.50 629.39,219.62 625.63,219.50 C 621.87,219.38 618.11,219.02 614.44,218.44 C 610.76,217.85 607.12,217.03 603.59,216.01 C 600.06,214.98 596.60,213.73 593.26,212.28 C 589.93,210.84 586.69,209.18 583.60,207.35 C 580.51,205.53 577.54,203.50 574.74,201.32 C 571.94,199.15 569.27,196.79 566.79,194.32 C 564.32,191.84 562.00,189.20 559.87,186.46 C 557.75,183.73 555.81,180.85 554.06,177.90 C 552.32,174.96 550.77,171.90 549.43,168.80 C 548.09,165.69 546.94,162.50 546.01,159.29 C 545.08,156.09 544.36,152.81 543.84,149.55 C 543.32,146.30 543.02,143.00 542.92,139.74 C 542.81,136.48 542.92,133.21 543.23,130.00 C 543.53,126.79 544.04,123.60 544.74,120.49 C 545.43,117.38 546.33,114.32 547.39,111.36 C 548.46,108.40 549.72,105.50 551.13,102.73 C 552.54,99.96 554.14,97.28 555.86,94.74 C 557.59,92.20 559.48,89.77 561.49,87.49 C 563.50,85.21 565.66,83.06 567.91,81.08 C 570.16,79.10 572.54,77.26 574.99,75.59 C 577.44,73.93 580.00,72.42 582.61,71.09 C 585.22,69.76 587.92,68.60 590.64,67.62 C 593.37,66.64 596.16,65.83 598.95,65.21 C 601.74,64.58 604.57,64.14 607.39,63.87 C 610.20,63.61 613.03,63.52 615.82,63.61 C 618.61,63.70 621.40,63.97 624.13,64.40 C 626.85,64.83 629.55,65.44 632.17,66.20 C 634.79,66.96 637.36,67.89 639.83,68.96 C 642.30,70.03 644.71,71.27 647.00,72.62 C 649.29,73.98 651.50,75.48 653.58,77.09 C 655.65,78.71 657.63,80.45 659.47,82.29 C 661.30,84.13 663.03,86.09 664.60,88.12 C 666.17,90.15 667.62,92.28 668.91,94.47 C 670.20,96.65 671.35,98.92 672.35,101.22 C 673.34,103.52 674.19,105.89 674.88,108.27 C 675.57,110.65 676.11,113.08 676.49,115.49 C 676.88,117.91 677.10,120.36 677.18,122.78 C 677.26,125.19 677.17,127.62 676.95,130.00 C 676.72,132.38 676.34,134.75 675.83,137.05 C 675.31,139.36 674.65,141.63 673.86,143.83 C 673.07,146.02 672.13,148.17 671.09,150.23 C 670.04,152.28 668.86,154.27 667.58,156.16 C 666.30,158.04 664.89,159.84 663.40,161.53 C 661.91,163.22 660.31,164.82 658.64,166.29 C 656.97,167.76 655.21,169.12 653.39,170.36 C 651.57,171.59 649.67,172.71 647.73,173.70 C 645.80,174.69 643.80,175.55 641.78,176.28 C 639.76,177.00 637.69,177.60 635.62,178.06 C 633.55,178.52 631.44,178.85 629.36,179.05 C 627.27,179.25 625.17,179.31 623.10,179.24 C 621.03,179.18 618.96,178.98 616.94,178.66 C 614.92,178.34 612.91,177.89 610.97,177.32 C 609.03,176.76 607.12,176.07 605.29,175.27 C 603.46,174.48 601.67,173.57 599.97,172.56 C 598.27,171.56 596.64,170.44 595.09,169.25 C 593.55,168.05 592.09,166.75 590.72,165.39 C 589.36,164.03 588.08,162.57 586.92,161.07 C 585.75,159.56 584.68,157.98 583.72,156.36 C 582.76,154.74 581.91,153.05 581.17,151.35 C 580.43,149.64 579.80,147.88 579.29,146.12 C 578.78,144.35 578.38,142.55 578.09,140.76 C 577.81,138.97 577.64,137.15 577.59,135.36 C 577.53,133.56 577.59,131.76 577.76,130.00 C 577.92,128.24 578.21,126.48 578.59,124.77 C 578.97,123.06 579.46,121.37 580.05,119.74 C 580.64,118.11 581.33,116.52 582.11,115.00 C 582.88,113.47 583.76,112.00 584.71,110.60 C 585.66,109.20 586.70,107.86 587.81,106.61 C 588.91,105.36 590.10,104.17 591.34,103.08 C 592.57,101.99 593.88,100.98 595.23,100.06 C 596.58,99.15 597.99,98.32 599.43,97.58 C 600.86,96.85 602.35,96.21 603.85,95.67 C 605.35,95.13 606.88,94.69 608.42,94.35 C 609.95,94.01 611.51,93.76 613.06,93.62 C 614.61,93.47 616.17,93.42 617.70,93.47 C 619.24,93.52 620.77,93.67 622.27,93.91 C 623.77,94.14 625.26,94.48 626.70,94.90 C 628.14,95.31 629.55,95.83 630.91,96.42 C 632.27,97.00 633.60,97.68 634.86,98.43 C 636.12,99.17 637.33,100.00 638.47,100.89 C 639.62,101.78 640.71,102.74 641.72,103.75 C 642.73,104.76 643.67,105.84 644.54,106.96 C 645.41,108.07 646.20,109.25 646.91,110.45 C 647.62,111.65 648.26,112.90 648.80,114.17 C 649.35,115.43 649.82,116.73 650.20,118.04 C 650.58,119.35 650.87,120.69 651.08,122.02 C 651.30,123.35 651.42,124.70 651.46,126.03 C 651.50,127.36 651.46,128.69 651.34,130.00 C 651.21,131.31 651.00,132.61 650.72,133.88 C 650.44,135.15 650.07,136.40 649.63,137.61 C 649.20,138.82 648.69,140.00 648.11,141.13 C 647.53,142.26 646.88,143.35 646.18,144.39 C 645.47,145.43 644.70,146.42 643.88,147.35 C 643.06,148.28 642.18,149.16 641.26,149.97 C 640.34,150.78 639.37,151.53 638.37,152.21 C 637.37,152.89 636.32,153.50 635.26,154.05 C 634.19,154.59 633.09,155.06 631.98,155.46 C 630.87,155.86 629.73,156.19 628.59,156.45 C 627.45,156.70 626.30,156.88 625.15,156.99 C 624.00,157.10 622.84,157.13 621.70,157.10 C 620.57,157.06 619.43,156.95 618.32,156.77 C 617.20,156.60 616.10,156.35 615.03,156.04 C 613.96,155.73 612.91,155.35 611.91,154.91 C 610.90,154.48 609.91,153.97 608.98,153.42 C 608.04,152.87 607.14,152.25 606.30,151.59 C 605.45,150.94 604.64,150.22 603.89,149.47 C 603.14,148.72 602.44,147.92 601.80,147.09 C 601.15,146.27 600.56,145.39 600.04,144.50 C 599.51,143.61 599.04,142.69 598.63,141.75 C 598.23,140.81 597.88,139.84 597.60,138.87 C 597.32,137.90 597.10,136.91 596.94,135.92 C 596.79,134.93 596.69,133.93 596.66,132.95 C 596.63,131.96 596.66,130.97 596.76,130.00 C 596.85,129.03 597.00,128.06 597.21,127.12 C 597.42,126.18 597.70,125.25 598.02,124.36 C 598.34,123.46 598.72,122.58 599.15,121.74 C 599.58,120.91 600.06,120.09 600.58,119.32 C 601.10,118.56 601.68,117.82 602.29,117.13 C 602.89,116.44 603.55,115.79 604.23,115.19 C 604.91,114.59 605.63,114.03 606.37,113.53 C 607.11,113.02 607.89,112.57 608.68,112.16 C 609.47,111.76 610.29,111.41 611.11,111.11 C 611.94,110.82 612.78,110.57 613.63,110.38 C 614.47,110.19 615.33,110.06 616.18,109.98 C 617.03,109.90 617.89,109.87 618.74,109.90 C 619.58,109.93 620.42,110.01 621.25,110.14 C 622.07,110.27 622.89,110.45 623.68,110.68 C 624.48,110.92 625.26,111.20 626.00,111.52 C 626.75,111.84 627.48,112.22 628.17,112.63 C 628.87,113.04 629.54,113.49 630.17,113.98 C 630.79,114.47 631.39,115.00 631.95,115.56 C 632.51,116.11 633.03,116.71 633.50,117.32 C 633.98,117.93 634.42,118.58 634.81,119.24 C 635.20,119.90 635.55,120.59 635.85,121.29 C 636.15,121.98 636.41,122.70 636.62,123.42 C 636.83,124.14 636.99,124.88 637.10,125.61 C 637.22,126.34 637.29,127.08 637.31,127.81 C 637.33,128.54 637.31,129.28 637.24,130.00 C 637.17,130.72 637.06,131.44 636.90,132.14 C 636.75,132.83 636.55,133.52 636.31,134.19 C 636.07,134.85 635.78,135.50 635.47,136.12 C 635.15,136.75 634.79,137.35 634.40,137.92 C 634.02,138.49 633.59,139.04 633.14,139.55 C 632.69,140.06 632.20,140.54 631.70,140.99 C 631.19,141.43 630.66,141.85 630.11,142.22 C 629.56,142.59 628.98,142.93 628.40,143.23 C 627.81,143.53 627.20,143.79 626.59,144.01 C 625.98,144.23 625.04,144.46 624.73,144.5526:["$","path","1",{"d":"$60","fill":"none","stroke":"#4c6394","strokeWidth":7.6499999999999995,"strokeLinecap":"round","opacity":0.85}]
61:T1b4b,M 712.00,130.00 C 711.70,131.90 711.02,137.67 710.19,141.39 C 709.36,145.12 708.28,148.79 707.01,152.34 C 705.73,155.89 704.22,159.36 702.53,162.67 C 700.84,165.99 698.93,169.21 696.86,172.25 C 694.79,175.30 692.52,178.21 690.11,180.94 C 687.71,183.67 685.12,186.24 682.43,188.62 C 679.73,191.00 676.87,193.20 673.94,195.20 C 671.00,197.20 667.93,199.00 664.80,200.60 C 661.68,202.19 658.44,203.58 655.18,204.76 C 651.92,205.93 648.57,206.90 645.23,207.64 C 641.88,208.39 638.49,208.92 635.12,209.24 C 631.75,209.56 628.35,209.66 625.01,209.55 C 621.66,209.45 618.32,209.13 615.05,208.61 C 611.79,208.09 608.55,207.36 605.42,206.45 C 602.28,205.54 599.20,204.42 596.24,203.14 C 593.27,201.86 590.39,200.38 587.64,198.76 C 584.90,197.14 582.26,195.33 579.77,193.40 C 577.28,191.47 574.91,189.37 572.71,187.17 C 570.50,184.97 568.44,182.62 566.56,180.19 C 564.67,177.76 562.94,175.20 561.39,172.58 C 559.84,169.96 558.46,167.24 557.27,164.49 C 556.08,161.73 555.06,158.89 554.23,156.04 C 553.41,153.19 552.76,150.28 552.30,147.38 C 551.84,144.48 551.57,141.55 551.48,138.66 C 551.39,135.76 551.49,132.85 551.76,130.00 C 552.03,127.15 552.48,124.31 553.10,121.55 C 553.72,118.79 554.51,116.06 555.46,113.43 C 556.41,110.80 557.53,108.22 558.78,105.76 C 560.04,103.30 561.45,100.92 562.99,98.66 C 564.52,96.40 566.21,94.24 567.99,92.21 C 569.78,90.19 571.69,88.28 573.69,86.52 C 575.69,84.75 577.81,83.12 579.99,81.64 C 582.17,80.16 584.45,78.81 586.77,77.63 C 589.09,76.45 591.49,75.42 593.91,74.55 C 596.33,73.68 598.81,72.96 601.29,72.41 C 603.77,71.85 606.29,71.46 608.79,71.22 C 611.29,70.99 613.81,70.91 616.29,70.99 C 618.77,71.07 621.25,71.31 623.67,71.69 C 626.09,72.07 628.49,72.61 630.82,73.29 C 633.14,73.97 635.43,74.80 637.63,75.75 C 639.83,76.70 641.96,77.79 644.00,79.00 C 646.04,80.20 648.00,81.54 649.85,82.97 C 651.69,84.40 653.45,85.96 655.08,87.59 C 656.72,89.23 658.25,90.97 659.64,92.77 C 661.04,94.58 662.33,96.47 663.47,98.41 C 664.62,100.35 665.65,102.37 666.53,104.42 C 667.42,106.46 668.17,108.57 668.78,110.68 C 669.40,112.80 669.88,114.96 670.22,117.11 C 670.56,119.26 670.76,121.43 670.83,123.58 C 670.89,125.73 670.82,127.88 670.62,130.00 C 670.42,132.12 670.08,134.22 669.63,136.27 C 669.17,138.32 668.58,140.34 667.87,142.29 C 667.17,144.24 666.34,146.15 665.41,147.98 C 664.48,149.81 663.43,151.57 662.29,153.25 C 661.15,154.92 659.90,156.53 658.58,158.03 C 657.26,159.53 655.83,160.95 654.35,162.26 C 652.87,163.56 651.29,164.78 649.68,165.87 C 648.06,166.97 646.37,167.97 644.65,168.84 C 642.93,169.72 641.15,170.49 639.36,171.13 C 637.56,171.78 635.72,172.31 633.88,172.72 C 632.04,173.13 630.17,173.43 628.32,173.60 C 626.46,173.78 624.59,173.83 622.75,173.77 C 620.91,173.72 619.08,173.54 617.28,173.25 C 615.48,172.97 613.70,172.57 611.98,172.07 C 610.25,171.56 608.55,170.95 606.92,170.24 C 605.29,169.54 603.71,168.73 602.20,167.83 C 600.69,166.94 599.23,165.95 597.86,164.88 C 596.49,163.82 595.19,162.67 593.98,161.46 C 592.77,160.25 591.63,158.95 590.59,157.62 C 589.56,156.28 588.60,154.87 587.75,153.43 C 586.90,151.99 586.14,150.49 585.48,148.98 C 584.83,147.46 584.27,145.90 583.81,144.33 C 583.36,142.76 583.00,141.16 582.75,139.56 C 582.50,137.97 582.35,136.36 582.30,134.76 C 582.25,133.17 582.30,131.57 582.45,130.00 C 582.60,128.43 582.85,126.87 583.19,125.35 C 583.53,123.83 583.97,122.33 584.49,120.88 C 585.01,119.43 585.63,118.02 586.32,116.66 C 587.01,115.31 587.79,114.00 588.63,112.75 C 589.47,111.51 590.40,110.32 591.38,109.21 C 592.36,108.10 593.42,107.04 594.52,106.07 C 595.62,105.10 596.79,104.20 597.99,103.39 C 599.18,102.57 600.44,101.84 601.71,101.19 C 602.99,100.54 604.31,99.97 605.64,99.49 C 606.97,99.01 608.34,98.61 609.70,98.31 C 611.07,98.00 612.45,97.79 613.83,97.66 C 615.21,97.53 616.59,97.49 617.96,97.53 C 619.32,97.57 620.69,97.70 622.02,97.92 C 623.35,98.13 624.67,98.42 625.95,98.80 C 627.23,99.17 628.49,99.62 629.70,100.15 C 630.91,100.67 632.09,101.27 633.21,101.94 C 634.33,102.60 635.41,103.34 636.42,104.12 C 637.44,104.91 638.40,105.77 639.30,106.67 C 640.20,107.56 641.04,108.52 641.81,109.52 C 642.58,110.51 643.29,111.55 643.92,112.62 C 644.55,113.69 645.12,114.80 645.60,115.92 C 646.09,117.05 646.50,118.21 646.84,119.37 C 647.18,120.54 647.44,121.72 647.63,122.91 C 647.82,124.09 647.93,125.28 647.97,126.47 C 648.00,127.65 647.96,128.84 647.85,130.00 C 647.74,131.16 647.56,132.32 647.31,133.45 C 647.05,134.58 646.73,135.69 646.34,136.76 C 645.95,137.84 645.50,138.89 644.99,139.89 C 644.47,140.90 643.90,141.87 643.27,142.79 C 642.64,143.71 641.96,144.60 641.23,145.42 C 640.50,146.25 639.72,147.03 638.90,147.75 C 638.08,148.47 637.22,149.14 636.33,149.74 C 635.44,150.34 634.51,150.89 633.56,151.37 C 632.62,151.86 631.64,152.28 630.65,152.63 C 629.66,152.99 628.65,153.28 627.64,153.51 C 626.63,153.73 625.60,153.89 624.58,153.99 C 623.56,154.09 622.53,154.12 621.52,154.09 C 620.50,154.05 619.49,153.96 618.50,153.80 C 617.51,153.64 616.53,153.42 615.58,153.15 C 614.64,152.87 613.70,152.53 612.81,152.14 C 611.91,151.76 611.04,151.31 610.20,150.82 C 609.37,150.33 608.57,149.78 607.82,149.19 C 607.06,148.61 606.35,147.98 605.68,147.31 C 605.01,146.64 604.39,145.93 603.82,145.19 C 603.25,144.46 602.72,143.68 602.26,142.89 C 601.79,142.10 601.37,141.28 601.01,140.44 C 600.65,139.61 600.34,138.75 600.09,137.88 C 599.84,137.02 599.64,136.14 599.50,135.26 C 599.37,134.39 599.28,133.50 599.26,132.62 C 599.23,131.74 599.26,130.86 599.34,130.00 C 599.42,129.14 599.56,128.28 599.75,127.44 C 599.93,126.61 600.17,125.78 600.46,124.98 C 600.75,124.19 601.09,123.41 601.47,122.66 C 601.85,121.92 602.27,121.19 602.74,120.51 C 603.20,119.83 603.71,119.17 604.25,118.56 C 604.79,117.95 605.38,117.37 605.98,116.83 C 606.59,116.30 607.23,115.81 607.89,115.36 C 608.55,114.91 609.24,114.50 609.94,114.15 C 610.64,113.79 611.37,113.47 612.10,113.21 C 612.83,112.95 613.58,112.73 614.33,112.56 C 615.09,112.40 615.85,112.28 616.61,112.20 C 617.36,112.13 618.13,112.11 618.88,112.13 C 619.63,112.16 620.38,112.23 621.11,112.35 C 621.84,112.46 622.57,112.63 623.28,112.83 C 623.98,113.04 624.67,113.29 625.34,113.57 C 626.00,113.86 626.65,114.19 627.27,114.56 C 627.88,114.92 628.48,115.33 629.04,115.76 C 629.59,116.20 630.13,116.67 630.62,117.16 C 631.12,117.66 631.58,118.18 632.00,118.73 C 632.43,119.27 632.81,119.85 633.16,120.44 C 633.51,121.02 633.82,121.64 634.09,122.26 C 634.36,122.87 634.58,123.51 634.77,124.15 C 634.96,124.79 635.10,125.45 635.20,126.10 C 635.31,126.75 635.37,127.41 635.39,128.06 C 635.41,128.71 635.39,129.36 635.33,130.00 C 635.27,130.64 635.16,131.28 635.02,131.90 C 634.89,132.52 634.71,133.13 634.49,133.72 C 634.28,134.31 634.03,134.89 633.75,135.44 C 633.47,136.00 633.15,136.53 632.80,137.04 C 632.46,137.55 632.08,138.03 631.68,138.49 C 631.28,138.94 630.85,139.37 630.40,139.77 C 629.95,140.16 629.47,140.53 628.99,140.86 C 628.50,141.19 627.98,141.50 627.46,141.76 C 626.94,142.03 626.40,142.26 625.86,142.45 C 625.32,142.65 624.48,142.85 624.20,142.9327:["$","path","2",{"d":"$61","fill":"none","stroke":"#7ea4b0","strokeWidth":7.6499999999999995,"strokeLinecap":"round","opacity":0.85}]
62:T1b8f,M 897.50,340.00 C 897.30,341.22 896.85,344.92 896.33,347.32 C 895.81,349.72 895.15,352.09 894.38,354.39 C 893.61,356.69 892.71,358.95 891.70,361.13 C 890.70,363.30 889.57,365.42 888.34,367.45 C 887.12,369.48 885.77,371.44 884.35,373.31 C 882.93,375.17 881.40,376.95 879.79,378.62 C 878.19,380.30 876.49,381.88 874.74,383.35 C 872.98,384.83 871.14,386.20 869.26,387.46 C 867.37,388.71 865.42,389.86 863.43,390.89 C 861.44,391.92 859.39,392.84 857.33,393.63 C 855.26,394.43 853.15,395.11 851.04,395.67 C 848.92,396.23 846.77,396.66 844.63,396.98 C 842.49,397.30 840.33,397.50 838.20,397.58 C 836.06,397.66 833.92,397.62 831.81,397.47 C 829.70,397.32 827.60,397.05 825.54,396.67 C 823.48,396.29 821.45,395.80 819.47,395.20 C 817.49,394.61 815.54,393.90 813.66,393.10 C 811.78,392.30 809.95,391.40 808.19,390.41 C 806.43,389.42 804.72,388.33 803.10,387.17 C 801.47,386.00 799.92,384.75 798.45,383.43 C 796.98,382.11 795.58,380.71 794.28,379.25 C 792.98,377.80 791.77,376.27 790.65,374.70 C 789.53,373.12 788.49,371.49 787.56,369.82 C 786.63,368.16 785.80,366.44 785.07,364.70 C 784.33,362.97 783.70,361.19 783.17,359.40 C 782.63,357.61 782.20,355.80 781.87,353.98 C 781.55,352.17 781.32,350.34 781.19,348.52 C 781.07,346.70 781.04,344.88 781.12,343.08 C 781.19,341.28 781.36,339.48 781.63,337.72 C 781.90,335.96 782.26,334.21 782.72,332.51 C 783.17,330.81 783.72,329.13 784.35,327.51 C 784.98,325.89 785.70,324.30 786.50,322.78 C 787.29,321.25 788.18,319.77 789.12,318.36 C 790.07,316.94 791.10,315.58 792.18,314.30 C 793.26,313.01 794.42,311.79 795.62,310.64 C 796.83,309.49 798.10,308.42 799.41,307.42 C 800.71,306.43 802.08,305.50 803.47,304.67 C 804.86,303.83 806.31,303.07 807.77,302.40 C 809.22,301.73 810.72,301.14 812.23,300.64 C 813.74,300.14 815.27,299.73 816.81,299.40 C 818.34,299.07 819.90,298.83 821.44,298.67 C 822.99,298.52 824.54,298.45 826.07,298.46 C 827.61,298.48 829.14,298.58 830.65,298.76 C 832.15,298.94 833.65,299.20 835.11,299.54 C 836.57,299.88 838.01,300.31 839.41,300.80 C 840.81,301.29 842.18,301.86 843.50,302.50 C 844.82,303.14 846.11,303.85 847.33,304.62 C 848.56,305.38 849.75,306.22 850.87,307.11 C 852.00,308.00 853.07,308.95 854.08,309.95 C 855.09,310.94 856.04,311.99 856.92,313.08 C 857.80,314.17 858.62,315.30 859.37,316.47 C 860.12,317.63 860.81,318.84 861.42,320.06 C 862.03,321.29 862.57,322.55 863.03,323.82 C 863.50,325.09 863.90,326.38 864.22,327.68 C 864.54,328.98 864.78,330.30 864.96,331.61 C 865.13,332.92 865.23,334.24 865.26,335.55 C 865.29,336.85 865.25,338.16 865.13,339.45 C 865.02,340.74 864.83,342.02 864.58,343.27 C 864.33,344.52 864.01,345.76 863.63,346.96 C 863.25,348.17 862.80,349.35 862.29,350.49 C 861.78,351.63 861.21,352.75 860.59,353.81 C 859.97,354.88 859.29,355.91 858.56,356.89 C 857.83,357.87 857.05,358.81 856.23,359.70 C 855.41,360.58 854.54,361.42 853.64,362.20 C 852.74,362.98 851.79,363.71 850.82,364.38 C 849.85,365.05 848.84,365.66 847.82,366.22 C 846.79,366.77 845.73,367.26 844.66,367.69 C 843.59,368.12 842.50,368.49 841.40,368.80 C 840.31,369.11 839.19,369.36 838.08,369.54 C 836.97,369.72 835.85,369.84 834.74,369.90 C 833.62,369.96 832.51,369.96 831.41,369.90 C 830.31,369.84 829.22,369.71 828.14,369.53 C 827.07,369.35 826.01,369.11 824.97,368.82 C 823.94,368.52 822.92,368.17 821.93,367.77 C 820.95,367.37 819.98,366.92 819.06,366.41 C 818.13,365.91 817.24,365.36 816.38,364.77 C 815.53,364.18 814.71,363.54 813.93,362.86 C 813.16,362.19 812.42,361.47 811.73,360.72 C 811.04,359.98 810.40,359.19 809.80,358.38 C 809.20,357.57 808.65,356.73 808.16,355.87 C 807.66,355.01 807.21,354.12 806.81,353.23 C 806.42,352.33 806.07,351.41 805.78,350.48 C 805.49,349.55 805.25,348.61 805.07,347.67 C 804.88,346.73 804.75,345.78 804.67,344.83 C 804.59,343.89 804.56,342.94 804.58,342.00 C 804.60,341.06 804.68,340.13 804.81,339.21 C 804.93,338.29 805.11,337.38 805.33,336.49 C 805.55,335.60 805.82,334.72 806.14,333.87 C 806.45,333.02 806.82,332.19 807.22,331.39 C 807.62,330.59 808.07,329.81 808.55,329.07 C 809.03,328.33 809.55,327.61 810.10,326.93 C 810.66,326.25 811.25,325.61 811.87,325.00 C 812.49,324.39 813.14,323.82 813.81,323.29 C 814.48,322.76 815.18,322.27 815.90,321.83 C 816.62,321.38 817.37,320.97 818.12,320.61 C 818.87,320.25 819.65,319.93 820.43,319.66 C 821.21,319.39 822.01,319.16 822.80,318.98 C 823.60,318.79 824.40,318.65 825.21,318.56 C 826.01,318.47 826.82,318.42 827.62,318.41 C 828.42,318.41 829.21,318.45 830.00,318.53 C 830.79,318.61 831.57,318.74 832.33,318.90 C 833.09,319.07 833.85,319.27 834.58,319.52 C 835.31,319.76 836.03,320.05 836.72,320.37 C 837.41,320.69 838.09,321.05 838.73,321.44 C 839.38,321.83 840.00,322.26 840.59,322.71 C 841.19,323.16 841.75,323.65 842.29,324.16 C 842.82,324.67 843.32,325.21 843.79,325.77 C 844.26,326.33 844.70,326.91 845.10,327.51 C 845.50,328.11 845.86,328.73 846.19,329.37 C 846.52,330.00 846.81,330.65 847.06,331.31 C 847.31,331.96 847.53,332.64 847.71,333.31 C 847.89,333.98 848.03,334.67 848.13,335.35 C 848.23,336.03 848.29,336.71 848.32,337.39 C 848.34,338.07 848.33,338.75 848.28,339.43 C 848.23,340.10 848.15,340.76 848.03,341.42 C 847.91,342.07 847.75,342.72 847.56,343.35 C 847.37,343.98 847.15,344.60 846.89,345.20 C 846.64,345.79 846.35,346.38 846.03,346.94 C 845.72,347.50 845.37,348.04 845.00,348.56 C 844.63,349.07 844.23,349.57 843.82,350.04 C 843.40,350.50 842.95,350.95 842.49,351.36 C 842.02,351.78 841.54,352.16 841.04,352.52 C 840.54,352.88 840.02,353.20 839.49,353.50 C 838.96,353.79 838.41,354.06 837.86,354.29 C 837.31,354.53 836.74,354.73 836.17,354.90 C 835.60,355.07 835.02,355.20 834.45,355.31 C 833.87,355.41 833.29,355.49 832.71,355.53 C 832.13,355.57 831.55,355.57 830.98,355.55 C 830.41,355.53 829.83,355.47 829.27,355.39 C 828.71,355.30 828.16,355.19 827.62,355.04 C 827.08,354.90 826.54,354.72 826.03,354.52 C 825.51,354.32 825.01,354.09 824.52,353.84 C 824.04,353.59 823.56,353.30 823.11,353.00 C 822.67,352.70 822.23,352.38 821.82,352.03 C 821.41,351.69 821.03,351.32 820.66,350.94 C 820.30,350.55 819.95,350.15 819.64,349.73 C 819.32,349.32 819.03,348.88 818.76,348.44 C 818.49,348.00 818.25,347.54 818.04,347.07 C 817.83,346.61 817.64,346.13 817.48,345.65 C 817.32,345.17 817.19,344.68 817.08,344.20 C 816.98,343.71 816.90,343.21 816.85,342.72 C 816.80,342.23 816.78,341.74 816.79,341.25 C 816.79,340.76 816.82,340.27 816.88,339.79 C 816.94,339.31 817.02,338.84 817.13,338.37 C 817.24,337.91 817.37,337.45 817.53,337.01 C 817.69,336.56 817.87,336.13 818.07,335.71 C 818.27,335.29 818.50,334.88 818.74,334.49 C 818.99,334.09 819.26,333.72 819.54,333.36 C 819.82,333.00 820.12,332.66 820.44,332.34 C 820.76,332.02 821.09,331.72 821.44,331.44 C 821.78,331.16 822.14,330.89 822.51,330.66 C 822.88,330.42 823.27,330.20 823.66,330.01 C 824.05,329.81 824.45,329.64 824.85,329.49 C 825.26,329.34 825.67,329.22 826.08,329.12 C 826.49,329.01 826.91,328.93 827.33,328.88 C 827.75,328.82 828.17,328.79 828.58,328.78 C 829.00,328.77 829.41,328.79 829.82,328.82 C 830.23,328.86 830.64,328.92 831.04,329.00 C 831.44,329.08 831.83,329.18 832.22,329.30 C 832.60,329.42 833.15,329.66 833.34,329.7329:["$","path","1",{"d":"$62","fill":"none","stroke":"#4c6394","strokeWidth":5.1,"strokeLinecap":"round","opacity":0.85}]
63:T1b8f,M 890.00,340.00 C 889.83,341.08 889.42,344.38 888.96,346.51 C 888.50,348.64 887.91,350.75 887.23,352.79 C 886.54,354.84 885.74,356.84 884.85,358.78 C 883.95,360.71 882.95,362.60 881.86,364.40 C 880.77,366.21 879.58,367.95 878.31,369.61 C 877.04,371.26 875.68,372.84 874.26,374.33 C 872.84,375.82 871.33,377.23 869.77,378.54 C 868.21,379.85 866.57,381.07 864.90,382.18 C 863.22,383.30 861.48,384.32 859.71,385.24 C 857.95,386.15 856.13,386.97 854.29,387.67 C 852.46,388.38 850.58,388.99 848.70,389.48 C 846.82,389.98 844.91,390.37 843.01,390.65 C 841.10,390.94 839.18,391.11 837.28,391.18 C 835.38,391.26 833.48,391.22 831.61,391.09 C 829.73,390.95 827.86,390.71 826.04,390.37 C 824.21,390.04 822.40,389.60 820.64,389.07 C 818.88,388.54 817.15,387.91 815.48,387.20 C 813.81,386.49 812.18,385.69 810.61,384.81 C 809.05,383.93 807.53,382.96 806.09,381.93 C 804.64,380.89 803.26,379.78 801.95,378.60 C 800.65,377.43 799.41,376.18 798.25,374.89 C 797.10,373.60 796.01,372.24 795.02,370.84 C 794.02,369.44 793.11,367.99 792.28,366.51 C 791.45,365.03 790.71,363.50 790.06,361.96 C 789.41,360.41 788.84,358.83 788.37,357.24 C 787.90,355.66 787.51,354.04 787.22,352.43 C 786.93,350.82 786.73,349.19 786.62,347.57 C 786.50,345.96 786.48,344.33 786.55,342.73 C 786.61,341.13 786.77,339.54 787.01,337.97 C 787.24,336.41 787.57,334.86 787.97,333.34 C 788.37,331.83 788.86,330.34 789.42,328.90 C 789.98,327.46 790.63,326.05 791.33,324.69 C 792.04,323.33 792.82,322.02 793.66,320.76 C 794.51,319.50 795.42,318.30 796.38,317.15 C 797.35,316.01 798.37,314.92 799.44,313.90 C 800.51,312.88 801.64,311.93 802.81,311.04 C 803.97,310.16 805.18,309.34 806.42,308.59 C 807.66,307.85 808.94,307.18 810.24,306.58 C 811.53,305.98 812.86,305.46 814.20,305.02 C 815.54,304.57 816.91,304.20 818.27,303.91 C 819.64,303.62 821.02,303.40 822.39,303.26 C 823.77,303.13 825.15,303.06 826.51,303.08 C 827.87,303.09 829.24,303.18 830.58,303.34 C 831.91,303.50 833.24,303.74 834.54,304.04 C 835.84,304.34 837.12,304.72 838.37,305.15 C 839.61,305.59 840.83,306.10 842.00,306.67 C 843.17,307.23 844.32,307.86 845.41,308.55 C 846.50,309.23 847.55,309.98 848.55,310.77 C 849.55,311.55 850.51,312.40 851.40,313.29 C 852.30,314.17 853.14,315.10 853.93,316.07 C 854.71,317.04 855.44,318.05 856.11,319.08 C 856.78,320.12 857.38,321.19 857.93,322.28 C 858.47,323.37 858.95,324.49 859.36,325.62 C 859.78,326.74 860.13,327.90 860.41,329.05 C 860.70,330.20 860.92,331.37 861.07,332.54 C 861.23,333.70 861.32,334.88 861.34,336.04 C 861.37,337.20 861.33,338.37 861.23,339.51 C 861.13,340.65 860.96,341.79 860.74,342.91 C 860.52,344.02 860.23,345.12 859.89,346.19 C 859.55,347.26 859.15,348.31 858.70,349.33 C 858.25,350.34 857.74,351.33 857.19,352.28 C 856.64,353.23 856.03,354.14 855.39,355.01 C 854.74,355.89 854.05,356.72 853.32,357.51 C 852.59,358.29 851.82,359.04 851.01,359.73 C 850.21,360.43 849.37,361.08 848.51,361.67 C 847.65,362.27 846.75,362.81 845.84,363.30 C 844.92,363.79 843.98,364.23 843.03,364.62 C 842.08,365.00 841.11,365.33 840.14,365.60 C 839.16,365.88 838.17,366.09 837.18,366.26 C 836.20,366.42 835.20,366.53 834.21,366.58 C 833.22,366.63 832.23,366.63 831.25,366.58 C 830.28,366.52 829.30,366.41 828.35,366.25 C 827.39,366.09 826.45,365.88 825.53,365.62 C 824.61,365.36 823.70,365.04 822.83,364.69 C 821.95,364.33 821.10,363.92 820.27,363.48 C 819.45,363.04 818.66,362.54 817.90,362.02 C 817.14,361.49 816.41,360.92 815.72,360.32 C 815.03,359.72 814.37,359.08 813.76,358.42 C 813.15,357.76 812.57,357.06 812.04,356.34 C 811.51,355.62 811.03,354.87 810.58,354.11 C 810.14,353.34 809.74,352.55 809.39,351.76 C 809.04,350.96 808.73,350.14 808.47,349.32 C 808.21,348.49 808.00,347.66 807.84,346.82 C 807.67,345.98 807.55,345.14 807.48,344.30 C 807.41,343.46 807.38,342.61 807.41,341.78 C 807.43,340.94 807.49,340.11 807.60,339.30 C 807.72,338.48 807.87,337.67 808.07,336.88 C 808.27,336.09 808.51,335.31 808.79,334.55 C 809.07,333.80 809.39,333.06 809.75,332.35 C 810.11,331.64 810.50,330.94 810.93,330.28 C 811.36,329.62 811.82,328.99 812.32,328.38 C 812.81,327.78 813.33,327.21 813.88,326.67 C 814.43,326.13 815.01,325.62 815.61,325.15 C 816.21,324.68 816.83,324.24 817.47,323.85 C 818.11,323.45 818.77,323.09 819.44,322.77 C 820.11,322.45 820.80,322.16 821.49,321.92 C 822.19,321.68 822.89,321.47 823.60,321.31 C 824.31,321.15 825.03,321.03 825.74,320.94 C 826.45,320.86 827.17,320.81 827.88,320.81 C 828.59,320.81 829.30,320.84 830.00,320.91 C 830.70,320.99 831.39,321.10 832.07,321.24 C 832.75,321.39 833.42,321.58 834.07,321.80 C 834.72,322.01 835.36,322.27 835.97,322.55 C 836.59,322.84 837.19,323.16 837.76,323.50 C 838.34,323.85 838.89,324.23 839.42,324.63 C 839.94,325.03 840.45,325.47 840.92,325.92 C 841.39,326.37 841.84,326.85 842.26,327.35 C 842.68,327.85 843.06,328.37 843.42,328.90 C 843.77,329.43 844.10,329.99 844.39,330.55 C 844.68,331.11 844.94,331.69 845.17,332.27 C 845.39,332.86 845.58,333.45 845.74,334.05 C 845.90,334.65 846.02,335.26 846.11,335.86 C 846.20,336.47 846.26,337.08 846.28,337.68 C 846.30,338.29 846.29,338.89 846.25,339.49 C 846.21,340.09 846.13,340.68 846.02,341.26 C 845.92,341.84 845.78,342.42 845.61,342.98 C 845.44,343.54 845.24,344.09 845.02,344.62 C 844.79,345.15 844.53,345.67 844.25,346.17 C 843.97,346.67 843.67,347.15 843.34,347.61 C 843.01,348.07 842.65,348.51 842.28,348.92 C 841.91,349.34 841.51,349.73 841.10,350.10 C 840.69,350.47 840.25,350.81 839.81,351.13 C 839.37,351.44 838.90,351.74 838.43,352.00 C 837.96,352.26 837.48,352.50 836.99,352.71 C 836.49,352.91 835.99,353.09 835.49,353.24 C 834.98,353.39 834.47,353.52 833.95,353.61 C 833.44,353.70 832.92,353.77 832.41,353.80 C 831.89,353.84 831.38,353.84 830.87,353.82 C 830.36,353.80 829.85,353.75 829.36,353.68 C 828.86,353.60 828.36,353.50 827.88,353.37 C 827.40,353.24 826.93,353.09 826.47,352.91 C 826.01,352.73 825.56,352.53 825.13,352.30 C 824.70,352.08 824.28,351.83 823.88,351.56 C 823.48,351.29 823.10,351.00 822.73,350.69 C 822.37,350.39 822.02,350.06 821.70,349.72 C 821.37,349.38 821.07,349.02 820.79,348.65 C 820.51,348.28 820.25,347.90 820.01,347.50 C 819.77,347.11 819.56,346.70 819.37,346.29 C 819.18,345.87 819.01,345.45 818.87,345.02 C 818.73,344.60 818.61,344.16 818.52,343.73 C 818.43,343.30 818.36,342.86 818.31,342.42 C 818.27,341.98 818.25,341.54 818.25,341.11 C 818.26,340.68 818.29,340.24 818.34,339.82 C 818.39,339.39 818.46,338.97 818.56,338.55 C 818.66,338.14 818.78,337.73 818.92,337.34 C 819.05,336.94 819.22,336.56 819.40,336.18 C 819.58,335.81 819.78,335.45 819.99,335.10 C 820.21,334.75 820.45,334.42 820.70,334.10 C 820.95,333.78 821.22,333.48 821.50,333.19 C 821.78,332.91 822.08,332.64 822.39,332.39 C 822.70,332.14 823.02,331.91 823.35,331.69 C 823.67,331.48 824.02,331.29 824.36,331.12 C 824.71,330.94 825.06,330.79 825.42,330.66 C 825.78,330.53 826.15,330.42 826.52,330.32 C 826.88,330.23 827.26,330.16 827.63,330.12 C 828.00,330.07 828.37,330.04 828.74,330.03 C 829.11,330.02 829.48,330.03 829.84,330.07 C 830.21,330.10 830.57,330.15 830.92,330.22 C 831.28,330.29 831.63,330.38 831.97,330.49 C 832.31,330.60 832.80,330.81 832.97,330.872a:["$","path","2",{"d":"$63","fill":"none","stroke":"#7ea4b0","strokeWidth":5.1,"strokeLinecap":"round","opacity":0.85}]
64:T1ba4,M 1123.00,50.00 C 1122.82,51.14 1122.39,54.60 1121.90,56.83 C 1121.41,59.07 1120.80,61.28 1120.08,63.43 C 1119.36,65.57 1118.51,67.68 1117.57,69.71 C 1116.63,71.74 1115.57,73.72 1114.43,75.61 C 1113.28,77.50 1112.03,79.33 1110.70,81.07 C 1109.37,82.80 1107.94,84.46 1106.44,86.02 C 1104.95,87.59 1103.36,89.06 1101.72,90.43 C 1100.08,91.80 1098.37,93.08 1096.61,94.25 C 1094.85,95.42 1093.02,96.49 1091.17,97.45 C 1089.31,98.41 1087.40,99.26 1085.48,100.00 C 1083.55,100.74 1081.58,101.37 1079.61,101.89 C 1077.64,102.41 1075.63,102.82 1073.64,103.11 C 1071.64,103.41 1069.63,103.59 1067.64,103.66 C 1065.65,103.74 1063.65,103.70 1061.68,103.56 C 1059.72,103.41 1057.76,103.16 1055.84,102.80 C 1053.93,102.45 1052.03,101.99 1050.19,101.43 C 1048.35,100.87 1046.53,100.21 1044.78,99.47 C 1043.03,98.72 1041.32,97.87 1039.68,96.95 C 1038.04,96.03 1036.46,95.01 1034.94,93.93 C 1033.43,92.84 1031.98,91.67 1030.62,90.44 C 1029.25,89.21 1027.95,87.91 1026.74,86.55 C 1025.53,85.19 1024.40,83.77 1023.36,82.30 C 1022.32,80.84 1021.36,79.32 1020.50,77.76 C 1019.63,76.21 1018.86,74.61 1018.17,72.99 C 1017.49,71.38 1016.90,69.72 1016.41,68.06 C 1015.92,66.39 1015.52,64.70 1015.21,63.01 C 1014.91,61.32 1014.70,59.62 1014.58,57.93 C 1014.47,56.23 1014.45,54.54 1014.52,52.86 C 1014.59,51.19 1014.75,49.52 1015.00,47.88 C 1015.25,46.24 1015.60,44.62 1016.02,43.03 C 1016.44,41.45 1016.96,39.89 1017.54,38.39 C 1018.13,36.88 1018.80,35.40 1019.54,33.98 C 1020.29,32.56 1021.11,31.19 1021.99,29.87 C 1022.87,28.56 1023.83,27.30 1024.84,26.10 C 1025.84,24.91 1026.92,23.77 1028.04,22.71 C 1029.16,21.64 1030.34,20.64 1031.56,19.72 C 1032.78,18.79 1034.05,17.94 1035.34,17.16 C 1036.64,16.38 1037.98,15.68 1039.34,15.06 C 1040.69,14.44 1042.09,13.89 1043.49,13.43 C 1044.89,12.96 1046.32,12.58 1047.74,12.28 C 1049.17,11.97 1050.61,11.75 1052.05,11.61 C 1053.48,11.46 1054.93,11.40 1056.35,11.41 C 1057.78,11.43 1059.20,11.52 1060.60,11.69 C 1062.00,11.86 1063.39,12.11 1064.75,12.43 C 1066.10,12.74 1067.44,13.14 1068.74,13.60 C 1070.04,14.06 1071.31,14.59 1072.54,15.18 C 1073.76,15.77 1074.95,16.43 1076.09,17.15 C 1077.23,17.86 1078.33,18.64 1079.38,19.47 C 1080.42,20.29 1081.41,21.18 1082.35,22.10 C 1083.28,23.03 1084.17,24.01 1084.98,25.02 C 1085.80,26.03 1086.56,27.08 1087.26,28.16 C 1087.95,29.24 1088.59,30.36 1089.15,31.50 C 1089.72,32.64 1090.22,33.81 1090.65,34.99 C 1091.08,36.16 1091.44,37.37 1091.74,38.57 C 1092.04,39.78 1092.27,41.00 1092.43,42.22 C 1092.59,43.43 1092.68,44.66 1092.70,45.87 C 1092.73,47.08 1092.69,48.29 1092.58,49.49 C 1092.48,50.68 1092.30,51.87 1092.07,53.03 C 1091.83,54.19 1091.53,55.34 1091.18,56.46 C 1090.82,57.57 1090.40,58.67 1089.93,59.73 C 1089.46,60.78 1088.93,61.81 1088.36,62.80 C 1087.78,63.79 1087.15,64.75 1086.47,65.66 C 1085.80,66.56 1085.07,67.43 1084.31,68.25 C 1083.55,69.07 1082.74,69.85 1081.91,70.57 C 1081.07,71.29 1080.19,71.97 1079.29,72.59 C 1078.39,73.21 1077.46,73.78 1076.50,74.29 C 1075.55,74.80 1074.57,75.25 1073.58,75.65 C 1072.59,76.05 1071.58,76.39 1070.56,76.68 C 1069.55,76.96 1068.51,77.19 1067.48,77.36 C 1066.45,77.53 1065.42,77.64 1064.39,77.69 C 1063.36,77.75 1062.32,77.74 1061.31,77.68 C 1060.29,77.62 1059.27,77.51 1058.28,77.34 C 1057.29,77.17 1056.30,76.95 1055.34,76.68 C 1054.39,76.40 1053.44,76.08 1052.53,75.71 C 1051.62,75.33 1050.73,74.91 1049.87,74.45 C 1049.02,73.98 1048.19,73.47 1047.40,72.92 C 1046.61,72.37 1045.85,71.78 1045.13,71.15 C 1044.42,70.53 1043.73,69.86 1043.10,69.17 C 1042.46,68.48 1041.86,67.75 1041.31,67.00 C 1040.76,66.25 1040.26,65.47 1039.80,64.68 C 1039.34,63.88 1038.92,63.06 1038.56,62.23 C 1038.19,61.40 1037.87,60.55 1037.60,59.69 C 1037.34,58.84 1037.12,57.96 1036.94,57.09 C 1036.77,56.22 1036.65,55.34 1036.58,54.47 C 1036.50,53.59 1036.48,52.72 1036.50,51.85 C 1036.52,50.98 1036.60,50.12 1036.71,49.27 C 1036.83,48.42 1036.99,47.58 1037.20,46.75 C 1037.40,45.93 1037.66,45.12 1037.95,44.34 C 1038.24,43.55 1038.58,42.78 1038.95,42.05 C 1039.32,41.31 1039.73,40.59 1040.18,39.90 C 1040.62,39.21 1041.11,38.55 1041.62,37.93 C 1042.13,37.30 1042.68,36.70 1043.25,36.14 C 1043.82,35.58 1044.42,35.06 1045.05,34.57 C 1045.67,34.08 1046.32,33.63 1046.98,33.22 C 1047.65,32.80 1048.33,32.43 1049.03,32.10 C 1049.73,31.77 1050.44,31.47 1051.16,31.22 C 1051.88,30.97 1052.62,30.76 1053.35,30.59 C 1054.09,30.42 1054.84,30.29 1055.58,30.21 C 1056.32,30.12 1057.06,30.08 1057.80,30.07 C 1058.54,30.07 1059.28,30.11 1060.00,30.18 C 1060.72,30.26 1061.45,30.38 1062.15,30.53 C 1062.85,30.68 1063.55,30.88 1064.22,31.10 C 1064.90,31.33 1065.56,31.60 1066.20,31.89 C 1066.84,32.19 1067.46,32.52 1068.06,32.88 C 1068.65,33.24 1069.23,33.63 1069.77,34.05 C 1070.32,34.47 1070.84,34.92 1071.33,35.39 C 1071.82,35.86 1072.29,36.36 1072.72,36.88 C 1073.15,37.39 1073.55,37.93 1073.92,38.48 C 1074.29,39.04 1074.62,39.61 1074.93,40.20 C 1075.23,40.78 1075.50,41.38 1075.73,41.99 C 1075.96,42.59 1076.16,43.21 1076.32,43.83 C 1076.49,44.45 1076.61,45.08 1076.71,45.71 C 1076.80,46.34 1076.86,46.97 1076.88,47.60 C 1076.90,48.22 1076.89,48.85 1076.85,49.47 C 1076.80,50.09 1076.72,50.70 1076.61,51.31 C 1076.50,51.91 1076.35,52.51 1076.18,53.09 C 1076.00,53.67 1075.79,54.24 1075.56,54.79 C 1075.32,55.34 1075.06,55.88 1074.77,56.39 C 1074.48,56.91 1074.16,57.41 1073.82,57.88 C 1073.48,58.36 1073.11,58.81 1072.72,59.24 C 1072.33,59.67 1071.92,60.08 1071.50,60.46 C 1071.07,60.84 1070.62,61.20 1070.16,61.52 C 1069.70,61.85 1069.22,62.15 1068.73,62.43 C 1068.24,62.70 1067.74,62.94 1067.23,63.16 C 1066.72,63.37 1066.20,63.56 1065.68,63.71 C 1065.16,63.87 1064.62,63.99 1064.09,64.09 C 1063.56,64.18 1063.03,64.25 1062.49,64.29 C 1061.96,64.32 1061.43,64.33 1060.90,64.31 C 1060.37,64.28 1059.85,64.23 1059.33,64.15 C 1058.82,64.08 1058.31,63.97 1057.81,63.83 C 1057.31,63.70 1056.82,63.54 1056.35,63.35 C 1055.87,63.17 1055.41,62.96 1054.96,62.73 C 1054.52,62.49 1054.08,62.23 1053.67,61.96 C 1053.26,61.68 1052.86,61.38 1052.48,61.06 C 1052.11,60.74 1051.75,60.40 1051.41,60.05 C 1051.08,59.70 1050.76,59.33 1050.47,58.95 C 1050.18,58.56 1049.91,58.16 1049.67,57.76 C 1049.43,57.35 1049.21,56.93 1049.01,56.50 C 1048.81,56.07 1048.64,55.63 1048.50,55.19 C 1048.35,54.75 1048.23,54.30 1048.13,53.86 C 1048.04,53.41 1047.97,52.95 1047.92,52.50 C 1047.88,52.05 1047.86,51.60 1047.86,51.15 C 1047.87,50.70 1047.90,50.25 1047.95,49.81 C 1048.00,49.37 1048.08,48.93 1048.18,48.51 C 1048.28,48.08 1048.41,47.66 1048.55,47.25 C 1048.69,46.84 1048.86,46.44 1049.05,46.06 C 1049.23,45.67 1049.44,45.30 1049.67,44.94 C 1049.89,44.58 1050.14,44.23 1050.40,43.91 C 1050.66,43.58 1050.93,43.26 1051.23,42.97 C 1051.52,42.68 1051.82,42.40 1052.14,42.14 C 1052.46,41.88 1052.79,41.64 1053.13,41.43 C 1053.47,41.21 1053.82,41.01 1054.18,40.83 C 1054.54,40.65 1054.91,40.50 1055.28,40.36 C 1055.65,40.22 1056.03,40.11 1056.41,40.02 C 1056.78,39.92 1057.17,39.85 1057.55,39.80 C 1057.93,39.75 1058.32,39.72 1058.70,39.71 C 1059.08,39.70 1059.46,39.72 1059.84,39.75 C 1060.21,39.79 1060.59,39.84 1060.95,39.91 C 1061.32,39.99 1061.68,40.08 1062.03,40.19 C 1062.38,40.30 1062.89,40.52 1063.06,40.582c:["$","path","1",{"d":"$64","fill":"none","stroke":"#4c6394","strokeWidth":5.1,"strokeLinecap":"round","opacity":0.85}]
65:T1b8f,M 1116.00,50.00 C 1115.84,51.01 1115.45,54.09 1115.02,56.07 C 1114.59,58.06 1114.04,60.03 1113.40,61.94 C 1112.76,63.84 1112.01,65.72 1111.17,67.52 C 1110.34,69.33 1109.40,71.08 1108.38,72.77 C 1107.36,74.45 1106.25,76.07 1105.06,77.62 C 1103.88,79.16 1102.61,80.63 1101.28,82.02 C 1099.95,83.41 1098.54,84.72 1097.09,85.94 C 1095.63,87.16 1094.10,88.30 1092.54,89.34 C 1090.98,90.37 1089.35,91.33 1087.71,92.18 C 1086.06,93.03 1084.36,93.79 1082.65,94.45 C 1080.93,95.10 1079.18,95.67 1077.43,96.13 C 1075.68,96.59 1073.90,96.95 1072.12,97.21 C 1070.35,97.47 1068.56,97.64 1066.79,97.70 C 1065.02,97.77 1063.24,97.73 1061.50,97.60 C 1059.75,97.48 1058.01,97.25 1056.31,96.94 C 1054.60,96.62 1052.92,96.21 1051.28,95.71 C 1049.64,95.22 1048.03,94.63 1046.47,93.97 C 1044.92,93.31 1043.40,92.56 1041.94,91.73 C 1040.48,90.91 1039.07,90.01 1037.73,89.05 C 1036.39,88.08 1035.10,87.04 1033.88,85.95 C 1032.67,84.86 1031.51,83.69 1030.44,82.49 C 1029.36,81.28 1028.36,80.01 1027.43,78.71 C 1026.51,77.41 1025.65,76.06 1024.89,74.68 C 1024.12,73.30 1023.43,71.88 1022.82,70.44 C 1022.22,69.00 1021.69,67.53 1021.25,66.05 C 1020.82,64.57 1020.46,63.07 1020.19,61.57 C 1019.92,60.07 1019.73,58.55 1019.63,57.05 C 1019.53,55.54 1019.51,54.03 1019.57,52.54 C 1019.63,51.05 1019.78,49.57 1020.00,48.11 C 1020.22,46.66 1020.53,45.21 1020.91,43.81 C 1021.28,42.40 1021.74,41.02 1022.26,39.68 C 1022.78,38.33 1023.38,37.02 1024.04,35.76 C 1024.70,34.50 1025.43,33.28 1026.21,32.11 C 1027.00,30.94 1027.85,29.82 1028.74,28.76 C 1029.64,27.70 1030.60,26.68 1031.59,25.74 C 1032.59,24.79 1033.64,23.90 1034.72,23.08 C 1035.80,22.26 1036.93,21.50 1038.08,20.81 C 1039.23,20.12 1040.43,19.49 1041.63,18.94 C 1042.84,18.39 1044.08,17.90 1045.32,17.49 C 1046.57,17.08 1047.84,16.74 1049.10,16.47 C 1050.37,16.20 1051.66,16.00 1052.93,15.87 C 1054.21,15.74 1055.49,15.69 1056.76,15.70 C 1058.02,15.71 1059.29,15.80 1060.53,15.95 C 1061.78,16.10 1063.01,16.32 1064.22,16.60 C 1065.42,16.88 1066.61,17.23 1067.77,17.64 C 1068.92,18.05 1070.05,18.52 1071.14,19.05 C 1072.23,19.58 1073.29,20.16 1074.31,20.80 C 1075.32,21.43 1076.30,22.13 1077.22,22.86 C 1078.15,23.60 1079.03,24.38 1079.87,25.20 C 1080.70,26.03 1081.48,26.89 1082.21,27.79 C 1082.94,28.69 1083.61,29.63 1084.23,30.59 C 1084.85,31.55 1085.41,32.55 1085.91,33.56 C 1086.41,34.57 1086.86,35.61 1087.24,36.65 C 1087.63,37.70 1087.95,38.77 1088.21,39.84 C 1088.48,40.91 1088.68,42.00 1088.82,43.08 C 1088.97,44.16 1089.05,45.25 1089.07,46.33 C 1089.09,47.41 1089.06,48.48 1088.96,49.55 C 1088.87,50.61 1088.71,51.66 1088.50,52.69 C 1088.30,53.73 1088.03,54.75 1087.71,55.74 C 1087.40,56.73 1087.03,57.71 1086.61,58.65 C 1086.19,59.59 1085.72,60.50 1085.20,61.38 C 1084.69,62.26 1084.13,63.11 1083.53,63.92 C 1082.93,64.72 1082.29,65.50 1081.61,66.22 C 1080.93,66.95 1080.22,67.64 1079.47,68.29 C 1078.73,68.93 1077.95,69.53 1077.15,70.08 C 1076.35,70.63 1075.52,71.13 1074.67,71.59 C 1073.83,72.04 1072.95,72.45 1072.07,72.80 C 1071.19,73.16 1070.29,73.46 1069.39,73.71 C 1068.49,73.97 1067.57,74.17 1066.65,74.32 C 1065.74,74.47 1064.81,74.57 1063.90,74.61 C 1062.98,74.66 1062.07,74.66 1061.16,74.61 C 1060.26,74.56 1059.35,74.45 1058.47,74.30 C 1057.59,74.15 1056.71,73.96 1055.86,73.71 C 1055.01,73.47 1054.17,73.18 1053.36,72.85 C 1052.55,72.52 1051.76,72.14 1051.00,71.73 C 1050.24,71.32 1049.50,70.86 1048.80,70.37 C 1048.10,69.89 1047.42,69.36 1046.78,68.80 C 1046.15,68.25 1045.54,67.66 1044.98,67.04 C 1044.41,66.43 1043.88,65.78 1043.39,65.11 C 1042.90,64.45 1042.45,63.76 1042.04,63.05 C 1041.63,62.34 1041.26,61.61 1040.94,60.87 C 1040.61,60.13 1040.33,59.38 1040.09,58.61 C 1039.85,57.85 1039.66,57.08 1039.51,56.30 C 1039.35,55.53 1039.25,54.75 1039.18,53.97 C 1039.11,53.19 1039.09,52.41 1039.11,51.64 C 1039.13,50.87 1039.20,50.10 1039.30,49.35 C 1039.40,48.59 1039.55,47.85 1039.73,47.12 C 1039.91,46.39 1040.14,45.66 1040.40,44.97 C 1040.66,44.27 1040.96,43.59 1041.29,42.93 C 1041.62,42.27 1041.98,41.63 1042.38,41.02 C 1042.78,40.41 1043.21,39.82 1043.66,39.27 C 1044.12,38.71 1044.60,38.18 1045.11,37.68 C 1045.62,37.19 1046.16,36.72 1046.71,36.28 C 1047.26,35.85 1047.84,35.45 1048.43,35.08 C 1049.02,34.72 1049.63,34.38 1050.25,34.09 C 1050.87,33.79 1051.50,33.53 1052.14,33.31 C 1052.79,33.08 1053.44,32.90 1054.09,32.75 C 1054.75,32.60 1055.41,32.48 1056.07,32.41 C 1056.73,32.33 1057.39,32.29 1058.04,32.29 C 1058.70,32.28 1059.36,32.32 1060.00,32.39 C 1060.64,32.45 1061.28,32.56 1061.91,32.69 C 1062.54,32.83 1063.15,33.00 1063.75,33.20 C 1064.35,33.40 1064.94,33.64 1065.51,33.90 C 1066.08,34.17 1066.63,34.46 1067.16,34.78 C 1067.69,35.10 1068.20,35.45 1068.69,35.83 C 1069.17,36.20 1069.64,36.60 1070.07,37.01 C 1070.51,37.43 1070.92,37.88 1071.30,38.33 C 1071.69,38.79 1072.05,39.27 1072.37,39.76 C 1072.70,40.26 1073.00,40.77 1073.27,41.29 C 1073.53,41.80 1073.77,42.34 1073.98,42.88 C 1074.19,43.42 1074.36,43.97 1074.51,44.52 C 1074.65,45.07 1074.77,45.63 1074.85,46.19 C 1074.93,46.74 1074.98,47.31 1075.00,47.86 C 1075.02,48.42 1075.01,48.98 1074.97,49.53 C 1074.93,50.08 1074.86,50.63 1074.76,51.16 C 1074.66,51.70 1074.53,52.23 1074.38,52.74 C 1074.22,53.26 1074.04,53.77 1073.83,54.25 C 1073.62,54.74 1073.39,55.22 1073.13,55.68 C 1072.87,56.14 1072.59,56.58 1072.28,57.01 C 1071.98,57.43 1071.65,57.83 1071.31,58.22 C 1070.96,58.60 1070.60,58.96 1070.22,59.30 C 1069.84,59.64 1069.44,59.95 1069.03,60.24 C 1068.62,60.54 1068.20,60.80 1067.76,61.05 C 1067.33,61.29 1066.88,61.50 1066.43,61.69 C 1065.98,61.88 1065.51,62.05 1065.05,62.19 C 1064.58,62.33 1064.11,62.44 1063.64,62.52 C 1063.17,62.61 1062.69,62.67 1062.22,62.70 C 1061.74,62.73 1061.27,62.74 1060.80,62.72 C 1060.33,62.70 1059.86,62.65 1059.41,62.58 C 1058.95,62.51 1058.49,62.42 1058.05,62.30 C 1057.61,62.18 1057.17,62.04 1056.75,61.87 C 1056.33,61.71 1055.92,61.52 1055.52,61.31 C 1055.12,61.10 1054.74,60.87 1054.37,60.63 C 1054.01,60.38 1053.65,60.11 1053.32,59.83 C 1052.98,59.55 1052.67,59.25 1052.37,58.94 C 1052.07,58.62 1051.79,58.29 1051.53,57.95 C 1051.27,57.61 1051.04,57.26 1050.82,56.89 C 1050.60,56.53 1050.40,56.16 1050.23,55.78 C 1050.06,55.40 1049.90,55.01 1049.77,54.62 C 1049.64,54.23 1049.54,53.83 1049.45,53.43 C 1049.37,53.03 1049.31,52.62 1049.26,52.22 C 1049.22,51.82 1049.21,51.42 1049.21,51.02 C 1049.22,50.62 1049.24,50.22 1049.29,49.83 C 1049.34,49.44 1049.41,49.05 1049.49,48.67 C 1049.58,48.29 1049.69,47.92 1049.82,47.56 C 1049.95,47.19 1050.10,46.84 1050.26,46.50 C 1050.43,46.15 1050.62,45.82 1050.82,45.50 C 1051.01,45.18 1051.23,44.87 1051.46,44.58 C 1051.69,44.29 1051.94,44.01 1052.20,43.75 C 1052.46,43.49 1052.73,43.24 1053.01,43.01 C 1053.30,42.79 1053.59,42.57 1053.89,42.38 C 1054.20,42.18 1054.51,42.01 1054.83,41.85 C 1055.15,41.69 1055.47,41.55 1055.80,41.43 C 1056.13,41.31 1056.47,41.21 1056.80,41.13 C 1057.14,41.04 1057.48,40.98 1057.82,40.93 C 1058.16,40.89 1058.51,40.86 1058.84,40.86 C 1059.18,40.85 1059.52,40.86 1059.86,40.89 C 1060.19,40.92 1060.52,40.97 1060.85,41.03 C 1061.17,41.10 1061.49,41.18 1061.81,41.28 C 1062.12,41.38 1062.57,41.57 1062.72,41.632d:["$","path","2",{"d":"$65","fill":"none","stroke":"#7ea4b0","strokeWidth":5.1,"strokeLinecap":"round","opacity":0.85}]
66:T1d70,M 1350.00,400.00 C 1349.72,401.74 1349.08,407.03 1348.32,410.45 C 1347.57,413.87 1346.60,417.25 1345.46,420.52 C 1344.32,423.79 1342.98,426.99 1341.49,430.06 C 1339.99,433.14 1338.30,436.12 1336.48,438.97 C 1334.65,441.81 1332.65,444.54 1330.52,447.12 C 1328.40,449.70 1326.12,452.15 1323.74,454.44 C 1321.35,456.72 1318.83,458.86 1316.23,460.83 C 1313.62,462.79 1310.90,464.60 1308.11,466.22 C 1305.33,467.85 1302.45,469.31 1299.52,470.58 C 1296.60,471.85 1293.60,472.94 1290.59,473.85 C 1287.58,474.76 1284.51,475.49 1281.44,476.03 C 1278.38,476.57 1275.28,476.93 1272.21,477.10 C 1269.14,477.28 1266.06,477.27 1263.03,477.08 C 1260.00,476.90 1256.97,476.53 1254.02,476.00 C 1251.06,475.47 1248.14,474.75 1245.30,473.89 C 1242.47,473.02 1239.68,471.98 1236.99,470.80 C 1234.31,469.62 1231.70,468.28 1229.20,466.81 C 1226.70,465.34 1224.29,463.72 1222.01,461.99 C 1219.73,460.26 1217.56,458.39 1215.52,456.42 C 1213.48,454.46 1211.57,452.37 1209.80,450.20 C 1208.03,448.04 1206.39,445.77 1204.90,443.44 C 1203.41,441.11 1202.07,438.69 1200.88,436.23 C 1199.69,433.77 1198.66,431.24 1197.78,428.69 C 1196.90,426.14 1196.17,423.53 1195.60,420.92 C 1195.04,418.32 1194.63,415.68 1194.37,413.05 C 1194.12,410.43 1194.02,407.79 1194.08,405.19 C 1194.14,402.58 1194.35,399.98 1194.71,397.43 C 1195.06,394.89 1195.57,392.36 1196.22,389.90 C 1196.87,387.44 1197.66,385.02 1198.58,382.68 C 1199.50,380.34 1200.57,378.06 1201.74,375.87 C 1202.91,373.68 1204.22,371.56 1205.63,369.55 C 1207.03,367.54 1208.56,365.61 1210.18,363.80 C 1211.79,361.99 1213.52,360.28 1215.31,358.69 C 1217.11,357.10 1219.00,355.62 1220.94,354.27 C 1222.89,352.92 1224.92,351.68 1226.98,350.58 C 1229.05,349.49 1231.18,348.51 1233.34,347.67 C 1235.49,346.83 1237.70,346.12 1239.91,345.55 C 1242.12,344.98 1244.37,344.54 1246.61,344.23 C 1248.85,343.92 1251.11,343.75 1253.34,343.71 C 1255.57,343.67 1257.81,343.77 1260.00,343.99 C 1262.19,344.21 1264.38,344.56 1266.51,345.03 C 1268.63,345.50 1270.74,346.10 1272.77,346.81 C 1274.80,347.52 1276.79,348.36 1278.71,349.29 C 1280.62,350.22 1282.48,351.27 1284.25,352.41 C 1286.02,353.54 1287.72,354.79 1289.33,356.11 C 1290.93,357.43 1292.46,358.85 1293.88,360.33 C 1295.30,361.82 1296.63,363.39 1297.85,365.01 C 1299.08,366.63 1300.20,368.33 1301.21,370.06 C 1302.22,371.79 1303.13,373.58 1303.92,375.40 C 1304.71,377.22 1305.40,379.09 1305.96,380.96 C 1306.53,382.84 1306.98,384.75 1307.32,386.66 C 1307.65,388.56 1307.87,390.49 1307.98,392.40 C 1308.09,394.31 1308.09,396.23 1307.97,398.12 C 1307.86,400.00 1307.63,401.88 1307.30,403.72 C 1306.97,405.56 1306.52,407.38 1305.98,409.15 C 1305.44,410.91 1304.80,412.65 1304.06,414.32 C 1303.33,415.99 1302.49,417.61 1301.58,419.17 C 1300.67,420.72 1299.66,422.22 1298.58,423.64 C 1297.50,425.06 1296.34,426.41 1295.11,427.68 C 1293.89,428.95 1292.59,430.14 1291.24,431.24 C 1289.90,432.35 1288.48,433.37 1287.03,434.29 C 1285.58,435.21 1284.08,436.05 1282.55,436.79 C 1281.02,437.53 1279.44,438.18 1277.85,438.72 C 1276.26,439.27 1274.64,439.72 1273.02,440.08 C 1271.40,440.43 1269.76,440.68 1268.12,440.84 C 1266.49,441.00 1264.85,441.06 1263.23,441.02 C 1261.61,440.99 1259.99,440.86 1258.40,440.63 C 1256.82,440.41 1255.24,440.09 1253.71,439.69 C 1252.18,439.29 1250.68,438.79 1249.22,438.22 C 1247.77,437.65 1246.34,436.99 1244.98,436.26 C 1243.62,435.53 1242.30,434.71 1241.05,433.84 C 1239.80,432.96 1238.60,432.01 1237.47,431.01 C 1236.35,430.00 1235.28,428.93 1234.29,427.81 C 1233.30,426.69 1232.38,425.52 1231.54,424.31 C 1230.70,423.10 1229.93,421.83 1229.25,420.55 C 1228.56,419.26 1227.96,417.93 1227.43,416.59 C 1226.91,415.25 1226.47,413.88 1226.11,412.50 C 1225.76,411.12 1225.48,409.73 1225.29,408.33 C 1225.10,406.94 1225.00,405.53 1224.97,404.15 C 1224.95,402.76 1225.01,401.37 1225.14,400.00 C 1225.28,398.63 1225.50,397.28 1225.79,395.95 C 1226.09,394.63 1226.46,393.32 1226.90,392.05 C 1227.34,390.79 1227.86,389.55 1228.44,388.36 C 1229.02,387.17 1229.67,386.01 1230.38,384.91 C 1231.09,383.81 1231.86,382.75 1232.69,381.75 C 1233.51,380.75 1234.39,379.80 1235.31,378.92 C 1236.24,378.03 1237.22,377.20 1238.22,376.44 C 1239.23,375.68 1240.29,374.98 1241.37,374.35 C 1242.44,373.72 1243.56,373.16 1244.69,372.67 C 1245.82,372.17 1246.99,371.75 1248.15,371.40 C 1249.32,371.05 1250.51,370.76 1251.70,370.55 C 1252.88,370.34 1254.08,370.21 1255.27,370.14 C 1256.46,370.07 1257.65,370.07 1258.83,370.15 C 1260.00,370.22 1261.17,370.36 1262.32,370.57 C 1263.46,370.77 1264.59,371.05 1265.69,371.38 C 1266.79,371.72 1267.87,372.12 1268.91,372.58 C 1269.95,373.03 1270.96,373.55 1271.93,374.12 C 1272.90,374.69 1273.83,375.32 1274.71,375.99 C 1275.60,376.66 1276.44,377.39 1277.23,378.15 C 1278.02,378.91 1278.76,379.72 1279.44,380.56 C 1280.13,381.39 1280.76,382.27 1281.34,383.18 C 1281.92,384.08 1282.44,385.02 1282.90,385.97 C 1283.36,386.92 1283.76,387.90 1284.10,388.89 C 1284.44,389.88 1284.72,390.89 1284.94,391.90 C 1285.16,392.91 1285.32,393.93 1285.42,394.94 C 1285.52,395.96 1285.55,396.98 1285.53,397.99 C 1285.51,399.00 1285.43,400.01 1285.29,400.99 C 1285.15,401.98 1284.95,402.96 1284.70,403.91 C 1284.45,404.86 1284.14,405.80 1283.79,406.71 C 1283.43,407.61 1283.02,408.50 1282.56,409.35 C 1282.11,410.19 1281.60,411.01 1281.06,411.79 C 1280.51,412.57 1279.92,413.32 1279.30,414.02 C 1278.67,414.72 1278.00,415.38 1277.31,416.00 C 1276.61,416.61 1275.88,417.19 1275.13,417.71 C 1274.37,418.23 1273.59,418.71 1272.79,419.14 C 1271.99,419.56 1271.16,419.94 1270.33,420.27 C 1269.49,420.59 1268.64,420.87 1267.78,421.09 C 1266.92,421.31 1266.05,421.48 1265.19,421.60 C 1264.32,421.72 1263.44,421.78 1262.58,421.80 C 1261.72,421.81 1260.85,421.78 1260.00,421.69 C 1259.15,421.61 1258.30,421.47 1257.48,421.29 C 1256.66,421.11 1255.84,420.87 1255.05,420.60 C 1254.27,420.32 1253.50,420.00 1252.75,419.64 C 1252.01,419.28 1251.29,418.87 1250.61,418.43 C 1249.92,417.99 1249.26,417.51 1248.64,417.00 C 1248.02,416.49 1247.43,415.94 1246.88,415.36 C 1246.33,414.79 1245.81,414.18 1245.34,413.55 C 1244.87,412.92 1244.43,412.27 1244.04,411.60 C 1243.65,410.93 1243.30,410.23 1242.99,409.53 C 1242.68,408.82 1242.42,408.10 1242.20,407.37 C 1241.98,406.65 1241.81,405.91 1241.67,405.17 C 1241.54,404.43 1241.46,403.68 1241.42,402.94 C 1241.37,402.20 1241.38,401.46 1241.42,400.73 C 1241.46,400.00 1241.55,399.27 1241.68,398.56 C 1241.81,397.85 1241.98,397.14 1242.19,396.46 C 1242.40,395.77 1242.65,395.10 1242.93,394.45 C 1243.22,393.81 1243.54,393.18 1243.90,392.58 C 1244.25,391.97 1244.64,391.39 1245.06,390.84 C 1245.48,390.29 1245.93,389.77 1246.40,389.28 C 1246.87,388.79 1247.38,388.33 1247.90,387.90 C 1248.42,387.47 1248.97,387.08 1249.53,386.72 C 1250.09,386.36 1250.68,386.04 1251.27,385.75 C 1251.86,385.46 1252.47,385.21 1253.09,385.00 C 1253.70,384.79 1254.33,384.62 1254.96,384.48 C 1255.58,384.34 1256.22,384.24 1256.85,384.18 C 1257.49,384.12 1258.12,384.10 1258.75,384.11 C 1259.38,384.12 1260.00,384.18 1260.62,384.26 C 1261.23,384.35 1261.84,384.47 1262.43,384.63 C 1263.03,384.78 1263.61,384.98 1264.17,385.20 C 1264.74,385.42 1265.29,385.67 1265.82,385.96 C 1266.34,386.24 1266.85,386.56 1267.34,386.89 C 1267.82,387.23 1268.29,387.60 1268.72,387.99 C 1269.16,388.38 1269.57,388.80 1269.96,389.23 C 1270.34,389.66 1270.70,390.12 1271.02,390.59 C 1271.35,391.05 1271.65,391.54 1271.91,392.04 C 1272.18,392.54 1272.41,393.05 1272.61,393.57 C 1272.82,394.09 1272.99,394.62 1273.12,395.16 C 1273.26,395.69 1273.37,396.23 1273.44,396.77 C 1273.52,397.31 1273.56,397.86 1273.57,398.39 C 1273.58,398.93 1273.51,399.73 1273.50,400.002f:["$","path","1",{"d":"$66","fill":"none","stroke":"#4c6394","strokeWidth":6.8,"strokeLinecap":"round","opacity":0.85}]
67:T1d70,M 1340.00,400.00 C 1339.75,401.55 1339.18,406.25 1338.51,409.29 C 1337.84,412.33 1336.98,415.33 1335.97,418.24 C 1334.95,421.14 1333.76,423.99 1332.43,426.72 C 1331.10,429.45 1329.60,432.11 1327.98,434.64 C 1326.35,437.16 1324.58,439.60 1322.69,441.89 C 1320.80,444.18 1318.77,446.36 1316.66,448.39 C 1314.54,450.42 1312.29,452.32 1309.98,454.07 C 1307.66,455.81 1305.24,457.42 1302.77,458.86 C 1300.29,460.31 1297.73,461.60 1295.13,462.73 C 1292.54,463.87 1289.87,464.84 1287.19,465.65 C 1284.51,466.45 1281.78,467.10 1279.06,467.58 C 1276.34,468.06 1273.58,468.38 1270.85,468.54 C 1268.13,468.69 1265.39,468.68 1262.69,468.52 C 1260.00,468.36 1257.31,468.03 1254.68,467.55 C 1252.06,467.08 1249.46,466.45 1246.94,465.68 C 1244.41,464.91 1241.94,463.99 1239.55,462.94 C 1237.16,461.89 1234.84,460.69 1232.62,459.39 C 1230.40,458.08 1228.26,456.64 1226.23,455.10 C 1224.21,453.56 1222.27,451.90 1220.46,450.15 C 1218.65,448.41 1216.95,446.55 1215.37,444.63 C 1213.80,442.70 1212.34,440.68 1211.02,438.61 C 1209.70,436.54 1208.51,434.39 1207.45,432.20 C 1206.40,430.02 1205.47,427.77 1204.69,425.50 C 1203.91,423.23 1203.26,420.91 1202.76,418.60 C 1202.25,416.28 1201.89,413.93 1201.67,411.60 C 1201.44,409.27 1201.36,406.93 1201.40,404.61 C 1201.45,402.30 1201.64,399.98 1201.96,397.72 C 1202.28,395.45 1202.73,393.21 1203.31,391.02 C 1203.88,388.83 1204.59,386.68 1205.41,384.60 C 1206.22,382.52 1207.17,380.49 1208.21,378.55 C 1209.26,376.60 1210.42,374.72 1211.67,372.93 C 1212.92,371.15 1214.28,369.43 1215.71,367.82 C 1217.15,366.22 1218.68,364.69 1220.28,363.28 C 1221.87,361.87 1223.55,360.55 1225.28,359.35 C 1227.01,358.15 1228.81,357.05 1230.65,356.08 C 1232.49,355.10 1234.38,354.23 1236.30,353.49 C 1238.22,352.74 1240.18,352.11 1242.14,351.60 C 1244.11,351.09 1246.11,350.70 1248.10,350.43 C 1250.09,350.16 1252.09,350.00 1254.08,349.97 C 1256.06,349.93 1258.05,350.02 1260.00,350.21 C 1261.95,350.41 1263.89,350.72 1265.78,351.14 C 1267.67,351.56 1269.54,352.09 1271.35,352.72 C 1273.16,353.35 1274.93,354.09 1276.63,354.92 C 1278.33,355.75 1279.98,356.68 1281.56,357.69 C 1283.13,358.71 1284.64,359.81 1286.07,360.99 C 1287.49,362.16 1288.85,363.42 1290.11,364.74 C 1291.38,366.06 1292.56,367.46 1293.65,368.90 C 1294.73,370.34 1295.73,371.84 1296.63,373.38 C 1297.53,374.92 1298.34,376.52 1299.04,378.14 C 1299.75,379.75 1300.35,381.41 1300.85,383.08 C 1301.36,384.74 1301.76,386.44 1302.06,388.14 C 1302.36,389.83 1302.55,391.55 1302.65,393.24 C 1302.75,394.94 1302.74,396.65 1302.64,398.32 C 1302.54,400.00 1302.34,401.67 1302.04,403.31 C 1301.75,404.94 1301.35,406.56 1300.87,408.13 C 1300.39,409.70 1299.82,411.24 1299.17,412.73 C 1298.52,414.21 1297.77,415.66 1296.96,417.04 C 1296.15,418.42 1295.25,419.75 1294.29,421.01 C 1293.33,422.28 1292.30,423.48 1291.21,424.61 C 1290.13,425.73 1288.97,426.79 1287.77,427.77 C 1286.57,428.75 1285.32,429.66 1284.03,430.48 C 1282.74,431.30 1281.40,432.05 1280.04,432.70 C 1278.68,433.36 1277.28,433.93 1275.87,434.42 C 1274.46,434.91 1273.02,435.31 1271.57,435.62 C 1270.13,435.94 1268.67,436.16 1267.22,436.30 C 1265.77,436.44 1264.31,436.50 1262.87,436.47 C 1261.43,436.44 1259.99,436.32 1258.58,436.12 C 1257.17,435.92 1255.77,435.64 1254.41,435.28 C 1253.05,434.92 1251.71,434.48 1250.42,433.98 C 1249.12,433.47 1247.86,432.88 1246.65,432.23 C 1245.44,431.58 1244.27,430.86 1243.16,430.08 C 1242.04,429.30 1240.98,428.45 1239.98,427.56 C 1238.97,426.67 1238.03,425.71 1237.15,424.72 C 1236.27,423.73 1235.45,422.68 1234.70,421.61 C 1233.96,420.53 1233.27,419.41 1232.66,418.27 C 1232.06,417.12 1231.52,415.94 1231.05,414.75 C 1230.59,413.56 1230.20,412.34 1229.88,411.11 C 1229.56,409.89 1229.32,408.64 1229.15,407.41 C 1228.98,406.17 1228.89,404.92 1228.86,403.69 C 1228.84,402.45 1228.89,401.21 1229.02,400.00 C 1229.14,398.79 1229.33,397.58 1229.59,396.40 C 1229.85,395.22 1230.19,394.06 1230.58,392.94 C 1230.97,391.81 1231.43,390.71 1231.95,389.65 C 1232.46,388.59 1233.04,387.56 1233.67,386.59 C 1234.30,385.61 1234.99,384.66 1235.72,383.78 C 1236.45,382.89 1237.24,382.05 1238.06,381.26 C 1238.88,380.47 1239.75,379.74 1240.64,379.06 C 1241.54,378.38 1242.48,377.76 1243.44,377.20 C 1244.39,376.64 1245.39,376.14 1246.39,375.70 C 1247.40,375.27 1248.43,374.89 1249.47,374.58 C 1250.51,374.26 1251.56,374.01 1252.62,373.83 C 1253.67,373.64 1254.74,373.52 1255.80,373.46 C 1256.85,373.40 1257.91,373.40 1258.96,373.46 C 1260.00,373.53 1261.04,373.65 1262.06,373.84 C 1263.08,374.02 1264.08,374.26 1265.06,374.56 C 1266.04,374.86 1267.00,375.22 1267.92,375.62 C 1268.84,376.03 1269.74,376.49 1270.60,377.00 C 1271.46,377.50 1272.29,378.06 1273.08,378.66 C 1273.86,379.26 1274.61,379.90 1275.31,380.58 C 1276.01,381.25 1276.67,381.97 1277.28,382.72 C 1277.89,383.46 1278.46,384.24 1278.97,385.05 C 1279.48,385.85 1279.94,386.68 1280.35,387.53 C 1280.76,388.37 1281.12,389.25 1281.42,390.12 C 1281.72,391.00 1281.97,391.90 1282.17,392.80 C 1282.36,393.69 1282.51,394.60 1282.59,395.51 C 1282.68,396.41 1282.71,397.32 1282.69,398.21 C 1282.67,399.11 1282.60,400.01 1282.48,400.88 C 1282.36,401.76 1282.18,402.63 1281.96,403.48 C 1281.73,404.32 1281.46,405.16 1281.14,405.96 C 1280.83,406.77 1280.46,407.55 1280.06,408.31 C 1279.65,409.06 1279.20,409.79 1278.72,410.48 C 1278.23,411.18 1277.71,411.84 1277.15,412.46 C 1276.60,413.08 1276.00,413.67 1275.38,414.22 C 1274.77,414.77 1274.12,415.28 1273.45,415.74 C 1272.78,416.21 1272.08,416.63 1271.37,417.01 C 1270.66,417.39 1269.92,417.73 1269.18,418.02 C 1268.44,418.30 1267.68,418.55 1266.92,418.75 C 1266.15,418.94 1265.38,419.09 1264.61,419.20 C 1263.84,419.30 1263.06,419.36 1262.29,419.38 C 1261.53,419.39 1260.76,419.36 1260.00,419.28 C 1259.24,419.21 1258.49,419.08 1257.76,418.92 C 1257.03,418.76 1256.30,418.55 1255.60,418.31 C 1254.90,418.07 1254.22,417.78 1253.56,417.46 C 1252.90,417.14 1252.26,416.78 1251.65,416.38 C 1251.04,415.99 1250.46,415.56 1249.90,415.11 C 1249.35,414.65 1248.83,414.17 1248.34,413.66 C 1247.85,413.14 1247.39,412.60 1246.97,412.05 C 1246.55,411.49 1246.16,410.90 1245.81,410.31 C 1245.46,409.71 1245.15,409.09 1244.88,408.47 C 1244.61,407.84 1244.37,407.20 1244.18,406.55 C 1243.98,405.91 1243.83,405.25 1243.71,404.59 C 1243.59,403.94 1243.52,403.27 1243.48,402.62 C 1243.44,401.96 1243.45,401.30 1243.48,400.65 C 1243.52,400.00 1243.60,399.35 1243.72,398.72 C 1243.83,398.09 1243.98,397.46 1244.17,396.85 C 1244.36,396.24 1244.58,395.65 1244.83,395.07 C 1245.08,394.50 1245.37,393.94 1245.69,393.40 C 1246.00,392.87 1246.35,392.35 1246.72,391.86 C 1247.09,391.37 1247.49,390.91 1247.91,390.47 C 1248.33,390.03 1248.78,389.62 1249.24,389.24 C 1249.71,388.86 1250.19,388.51 1250.69,388.20 C 1251.19,387.88 1251.71,387.59 1252.24,387.33 C 1252.77,387.08 1253.31,386.86 1253.85,386.67 C 1254.40,386.48 1254.96,386.32 1255.52,386.20 C 1256.08,386.08 1256.64,385.99 1257.20,385.94 C 1257.77,385.89 1258.33,385.86 1258.89,385.88 C 1259.45,385.89 1260.00,385.93 1260.55,386.01 C 1261.10,386.09 1261.64,386.20 1262.16,386.34 C 1262.69,386.47 1263.21,386.64 1263.71,386.84 C 1264.21,387.04 1264.70,387.27 1265.17,387.52 C 1265.64,387.77 1266.09,388.05 1266.52,388.35 C 1266.95,388.65 1267.37,388.98 1267.76,389.33 C 1268.14,389.67 1268.51,390.04 1268.85,390.43 C 1269.19,390.81 1269.51,391.22 1269.80,391.63 C 1270.09,392.05 1270.35,392.48 1270.59,392.93 C 1270.82,393.37 1271.03,393.83 1271.21,394.29 C 1271.39,394.75 1271.54,395.22 1271.67,395.70 C 1271.79,396.17 1271.88,396.65 1271.95,397.13 C 1272.01,397.61 1272.05,398.09 1272.06,398.57 C 1272.07,399.05 1272.01,399.76 1272.00,400.0030:["$","path","2",{"d":"$67","fill":"none","stroke":"#7ea4b0","strokeWidth":6.8,"strokeLinecap":"round","opacity":0.85}]
68:T1d4b,M 1595.00,160.00 C 1594.53,162.96 1593.51,171.96 1592.20,177.76 C 1590.89,183.55 1589.18,189.27 1587.13,194.78 C 1585.08,200.28 1582.65,205.66 1579.92,210.78 C 1577.19,215.90 1574.10,220.85 1570.76,225.50 C 1567.41,230.16 1563.73,234.59 1559.85,238.71 C 1555.96,242.83 1551.77,246.69 1547.42,250.21 C 1543.07,253.74 1538.47,256.97 1533.75,259.84 C 1529.02,262.72 1524.09,265.28 1519.08,267.47 C 1514.08,269.67 1508.91,271.53 1503.72,273.02 C 1498.54,274.51 1493.23,275.65 1487.95,276.43 C 1482.67,277.21 1477.33,277.62 1472.06,277.69 C 1466.79,277.76 1461.50,277.47 1456.33,276.84 C 1451.16,276.21 1446.02,275.23 1441.04,273.94 C 1436.05,272.64 1431.15,271.00 1426.44,269.08 C 1421.73,267.16 1417.15,264.91 1412.79,262.41 C 1408.43,259.91 1404.24,257.10 1400.30,254.08 C 1396.36,251.05 1392.62,247.75 1389.16,244.27 C 1385.70,240.80 1382.47,237.07 1379.54,233.21 C 1376.61,229.35 1373.94,225.28 1371.58,221.11 C 1369.22,216.94 1367.14,212.60 1365.37,208.21 C 1363.61,203.82 1362.14,199.30 1360.99,194.77 C 1359.84,190.24 1359.00,185.61 1358.47,181.03 C 1357.94,176.44 1357.73,171.80 1357.81,167.24 C 1357.89,162.67 1358.29,158.10 1358.98,153.64 C 1359.66,149.19 1360.65,144.76 1361.90,140.49 C 1363.16,136.21 1364.71,132.01 1366.50,127.99 C 1368.30,123.97 1370.37,120.06 1372.65,116.35 C 1374.93,112.65 1377.48,109.10 1380.20,105.77 C 1382.93,102.44 1385.89,99.30 1388.99,96.40 C 1392.09,93.50 1395.41,90.81 1398.83,88.37 C 1402.25,85.94 1405.85,83.74 1409.51,81.81 C 1413.18,79.88 1417.00,78.20 1420.85,76.79 C 1424.69,75.38 1428.65,74.24 1432.60,73.37 C 1436.55,72.49 1440.58,71.89 1444.56,71.56 C 1448.55,71.22 1452.57,71.16 1456.52,71.36 C 1460.46,71.56 1464.41,72.03 1468.25,72.74 C 1472.09,73.45 1475.89,74.43 1479.56,75.63 C 1483.22,76.83 1486.82,78.29 1490.25,79.95 C 1493.68,81.61 1497.01,83.51 1500.15,85.59 C 1503.29,87.67 1506.30,89.96 1509.11,92.41 C 1511.91,94.86 1514.55,97.51 1516.98,100.27 C 1519.40,103.04 1521.64,105.98 1523.65,109.00 C 1525.67,112.03 1527.47,115.20 1529.04,118.43 C 1530.61,121.66 1531.97,125.01 1533.08,128.38 C 1534.19,131.74 1535.08,135.20 1535.73,138.64 C 1536.37,142.09 1536.79,145.59 1536.97,149.05 C 1537.15,152.51 1537.09,155.99 1536.81,159.40 C 1536.53,162.81 1536.02,166.21 1535.30,169.51 C 1534.58,172.82 1533.63,176.08 1532.49,179.22 C 1531.35,182.36 1529.99,185.43 1528.46,188.36 C 1526.93,191.28 1525.19,194.11 1523.31,196.77 C 1521.43,199.44 1519.36,201.98 1517.16,204.34 C 1514.97,206.70 1512.60,208.92 1510.15,210.94 C 1507.69,212.96 1505.08,214.82 1502.41,216.48 C 1499.73,218.14 1496.94,219.62 1494.10,220.89 C 1491.26,222.16 1488.33,223.24 1485.38,224.11 C 1482.44,224.98 1479.42,225.65 1476.42,226.12 C 1473.43,226.59 1470.39,226.85 1467.39,226.91 C 1464.39,226.97 1461.38,226.83 1458.43,226.50 C 1455.49,226.16 1452.56,225.63 1449.72,224.91 C 1446.88,224.20 1444.08,223.29 1441.39,222.22 C 1438.71,221.14 1436.09,219.88 1433.60,218.48 C 1431.11,217.08 1428.71,215.50 1426.45,213.79 C 1424.20,212.09 1422.05,210.23 1420.07,208.27 C 1418.09,206.30 1416.23,204.20 1414.55,202.01 C 1412.86,199.83 1411.33,197.53 1409.96,195.17 C 1408.60,192.81 1407.40,190.35 1406.38,187.86 C 1405.35,185.37 1404.50,182.80 1403.82,180.22 C 1403.15,177.65 1402.65,175.03 1402.33,172.42 C 1402.00,169.81 1401.86,167.17 1401.89,164.57 C 1401.92,161.98 1402.12,159.37 1402.49,156.84 C 1402.86,154.30 1403.40,151.77 1404.10,149.34 C 1404.79,146.90 1405.66,144.50 1406.66,142.20 C 1407.66,139.91 1408.82,137.67 1410.11,135.56 C 1411.39,133.44 1412.82,131.41 1414.35,129.50 C 1415.89,127.60 1417.56,125.79 1419.31,124.13 C 1421.07,122.47 1422.94,120.92 1424.87,119.52 C 1426.81,118.12 1428.85,116.85 1430.93,115.74 C 1433.01,114.62 1435.17,113.65 1437.35,112.83 C 1439.53,112.01 1441.78,111.34 1444.02,110.83 C 1446.27,110.32 1448.56,109.95 1450.82,109.75 C 1453.09,109.54 1455.38,109.49 1457.62,109.58 C 1459.87,109.68 1462.12,109.92 1464.30,110.31 C 1466.49,110.70 1468.66,111.24 1470.75,111.91 C 1472.84,112.58 1474.89,113.39 1476.85,114.32 C 1478.81,115.25 1480.71,116.31 1482.51,117.48 C 1484.31,118.65 1486.03,119.94 1487.64,121.32 C 1489.25,122.70 1490.76,124.20 1492.15,125.76 C 1493.54,127.32 1494.83,128.99 1495.99,130.70 C 1497.15,132.41 1498.19,134.21 1499.10,136.04 C 1500.01,137.87 1500.79,139.77 1501.44,141.68 C 1502.09,143.59 1502.61,145.55 1502.99,147.51 C 1503.37,149.47 1503.62,151.46 1503.74,153.42 C 1503.86,155.39 1503.84,157.37 1503.70,159.31 C 1503.56,161.26 1503.28,163.19 1502.89,165.08 C 1502.49,166.96 1501.97,168.82 1501.33,170.61 C 1500.70,172.40 1499.94,174.16 1499.08,175.83 C 1498.22,177.50 1497.25,179.12 1496.19,180.64 C 1495.13,182.16 1493.96,183.62 1492.72,184.97 C 1491.48,186.33 1490.15,187.60 1488.76,188.76 C 1487.37,189.92 1485.89,190.99 1484.38,191.95 C 1482.87,192.90 1481.28,193.75 1479.67,194.49 C 1478.06,195.23 1476.40,195.85 1474.73,196.36 C 1473.06,196.87 1471.35,197.27 1469.64,197.55 C 1467.94,197.83 1466.21,197.99 1464.50,198.04 C 1462.80,198.09 1461.08,198.02 1459.41,197.84 C 1457.73,197.67 1456.06,197.37 1454.44,196.98 C 1452.82,196.59 1451.23,196.08 1449.69,195.48 C 1448.16,194.88 1446.66,194.18 1445.24,193.39 C 1443.81,192.60 1442.44,191.72 1441.15,190.76 C 1439.86,189.80 1438.63,188.75 1437.50,187.64 C 1436.36,186.53 1435.30,185.34 1434.33,184.11 C 1433.36,182.87 1432.47,181.57 1431.69,180.23 C 1430.90,178.90 1430.21,177.50 1429.61,176.09 C 1429.02,174.68 1428.52,173.22 1428.13,171.76 C 1427.73,170.30 1427.44,168.81 1427.24,167.32 C 1427.05,165.84 1426.95,164.34 1426.96,162.86 C 1426.96,161.38 1427.07,159.90 1427.26,158.46 C 1427.46,157.01 1427.76,155.57 1428.15,154.18 C 1428.53,152.79 1429.01,151.42 1429.57,150.11 C 1430.13,148.80 1430.78,147.53 1431.50,146.32 C 1432.22,145.10 1433.03,143.94 1433.89,142.85 C 1434.76,141.76 1435.70,140.73 1436.69,139.77 C 1437.68,138.82 1438.74,137.93 1439.83,137.12 C 1440.93,136.32 1442.08,135.59 1443.26,134.95 C 1444.44,134.30 1445.66,133.74 1446.90,133.26 C 1448.14,132.79 1449.41,132.40 1450.69,132.09 C 1451.97,131.79 1453.26,131.58 1454.55,131.45 C 1455.84,131.32 1457.14,131.28 1458.42,131.32 C 1459.70,131.37 1460.98,131.50 1462.23,131.71 C 1463.47,131.92 1464.71,132.22 1465.90,132.59 C 1467.09,132.96 1468.27,133.41 1469.38,133.93 C 1470.50,134.45 1471.59,135.05 1472.62,135.71 C 1473.65,136.36 1474.63,137.09 1475.55,137.87 C 1476.47,138.65 1477.34,139.49 1478.14,140.37 C 1478.94,141.26 1479.68,142.20 1480.35,143.17 C 1481.01,144.14 1481.61,145.16 1482.14,146.19 C 1482.66,147.23 1483.12,148.31 1483.50,149.39 C 1483.87,150.48 1484.18,151.59 1484.41,152.70 C 1484.63,153.81 1484.78,154.94 1484.86,156.06 C 1484.94,157.18 1484.93,158.31 1484.86,159.41 C 1484.79,160.52 1484.64,161.62 1484.42,162.70 C 1484.21,163.77 1483.92,164.83 1483.56,165.85 C 1483.21,166.88 1482.79,167.88 1482.31,168.83 C 1481.83,169.79 1481.28,170.71 1480.68,171.58 C 1480.09,172.45 1479.43,173.29 1478.73,174.06 C 1478.03,174.84 1477.28,175.57 1476.49,176.23 C 1475.71,176.90 1474.87,177.52 1474.01,178.07 C 1473.16,178.62 1472.26,179.11 1471.35,179.54 C 1470.44,179.96 1469.49,180.33 1468.54,180.62 C 1467.59,180.92 1466.62,181.15 1465.65,181.32 C 1464.68,181.49 1463.70,181.59 1462.73,181.62 C 1461.76,181.66 1460.79,181.63 1459.83,181.53 C 1458.88,181.44 1457.92,181.28 1457.00,181.07 C 1456.08,180.85 1455.17,180.57 1454.29,180.23 C 1453.42,179.90 1452.56,179.51 1451.75,179.06 C 1450.94,178.62 1450.15,178.12 1449.41,177.58 C 1448.67,177.05 1447.97,176.45 1447.32,175.83 C 1446.67,175.20 1446.06,174.53 1445.50,173.83 C 1444.94,173.13 1444.23,172.00 1443.98,171.6432:["$","path","1",{"d":"$68","fill":"none","stroke":"#4c6394","strokeWidth":9.35,"strokeLinecap":"round","opacity":0.85}]
69:T1d50,M 1580.00,160.00 C 1579.59,162.63 1578.68,170.63 1577.51,175.78 C 1576.35,180.94 1574.82,186.02 1573.00,190.91 C 1571.18,195.81 1569.02,200.59 1566.59,205.14 C 1564.17,209.69 1561.42,214.08 1558.45,218.22 C 1555.48,222.36 1552.21,226.30 1548.75,229.97 C 1545.29,233.63 1541.58,237.06 1537.71,240.19 C 1533.84,243.32 1529.75,246.19 1525.55,248.75 C 1521.35,251.31 1516.97,253.58 1512.52,255.53 C 1508.07,257.49 1503.48,259.14 1498.87,260.46 C 1494.25,261.79 1489.54,262.80 1484.85,263.49 C 1480.16,264.18 1475.40,264.56 1470.72,264.62 C 1466.03,264.68 1461.33,264.41 1456.74,263.86 C 1452.14,263.30 1447.57,262.43 1443.14,261.28 C 1438.72,260.13 1434.36,258.67 1430.17,256.96 C 1425.99,255.25 1421.91,253.25 1418.04,251.03 C 1414.16,248.81 1410.43,246.31 1406.93,243.62 C 1403.43,240.94 1400.11,238.00 1397.03,234.91 C 1393.96,231.82 1391.09,228.51 1388.48,225.08 C 1385.88,221.64 1383.50,218.02 1381.41,214.32 C 1379.31,210.62 1377.46,206.76 1375.89,202.86 C 1374.32,198.95 1373.02,194.93 1371.99,190.91 C 1370.97,186.88 1370.22,182.77 1369.75,178.69 C 1369.28,174.61 1369.09,170.49 1369.16,166.43 C 1369.24,162.38 1369.59,158.31 1370.20,154.35 C 1370.81,150.39 1371.69,146.46 1372.80,142.66 C 1373.92,138.85 1375.30,135.12 1376.89,131.55 C 1378.48,127.97 1380.33,124.50 1382.36,121.20 C 1384.39,117.91 1386.65,114.75 1389.07,111.80 C 1391.49,108.84 1394.12,106.04 1396.88,103.46 C 1399.64,100.89 1402.58,98.49 1405.62,96.33 C 1408.66,94.17 1411.86,92.22 1415.12,90.50 C 1418.39,88.78 1421.78,87.29 1425.20,86.04 C 1428.62,84.79 1432.13,83.77 1435.65,82.99 C 1439.16,82.22 1442.74,81.68 1446.28,81.38 C 1449.82,81.09 1453.40,81.03 1456.90,81.21 C 1460.41,81.38 1463.92,81.80 1467.33,82.43 C 1470.75,83.07 1474.12,83.94 1477.38,85.01 C 1480.64,86.07 1483.84,87.37 1486.89,88.85 C 1489.94,90.32 1492.90,92.01 1495.69,93.86 C 1498.48,95.70 1501.16,97.75 1503.65,99.92 C 1506.14,102.10 1508.49,104.45 1510.65,106.91 C 1512.80,109.37 1514.79,111.98 1516.58,114.67 C 1518.37,117.36 1519.98,120.18 1521.37,123.05 C 1522.77,125.92 1523.97,128.89 1524.96,131.89 C 1525.95,134.88 1526.74,137.95 1527.31,141.02 C 1527.89,144.08 1528.25,147.19 1528.41,150.26 C 1528.58,153.34 1528.52,156.43 1528.28,159.46 C 1528.03,162.50 1527.57,165.52 1526.93,168.46 C 1526.29,171.39 1525.45,174.29 1524.43,177.08 C 1523.42,179.88 1522.21,182.61 1520.85,185.21 C 1519.49,187.81 1517.95,190.32 1516.28,192.69 C 1514.60,195.06 1512.76,197.31 1510.81,199.41 C 1508.86,201.51 1506.76,203.48 1504.57,205.28 C 1502.39,207.08 1500.07,208.73 1497.69,210.20 C 1495.32,211.68 1492.83,212.99 1490.31,214.12 C 1487.79,215.25 1485.18,216.21 1482.56,216.99 C 1479.94,217.76 1477.27,218.36 1474.60,218.77 C 1471.93,219.19 1469.23,219.42 1466.57,219.48 C 1463.90,219.53 1461.22,219.40 1458.61,219.11 C 1455.99,218.81 1453.39,218.33 1450.86,217.70 C 1448.34,217.07 1445.85,216.26 1443.46,215.30 C 1441.07,214.35 1438.74,213.23 1436.53,211.98 C 1434.32,210.73 1432.18,209.33 1430.18,207.82 C 1428.17,206.30 1426.27,204.65 1424.51,202.90 C 1422.74,201.16 1421.10,199.29 1419.60,197.35 C 1418.10,195.41 1416.73,193.36 1415.52,191.26 C 1414.31,189.16 1413.24,186.97 1412.33,184.76 C 1411.42,182.55 1410.66,180.27 1410.06,177.98 C 1409.46,175.69 1409.02,173.36 1408.73,171.04 C 1408.45,168.72 1408.32,166.37 1408.35,164.07 C 1408.37,161.76 1408.55,159.44 1408.88,157.19 C 1409.21,154.93 1409.69,152.69 1410.31,150.52 C 1410.93,148.35 1411.70,146.22 1412.59,144.18 C 1413.48,142.14 1414.51,140.15 1415.65,138.27 C 1416.79,136.39 1418.06,134.58 1419.43,132.89 C 1420.79,131.20 1422.27,129.59 1423.83,128.11 C 1425.39,126.64 1427.06,125.26 1428.78,124.02 C 1430.50,122.77 1432.31,121.65 1434.16,120.66 C 1436.00,119.67 1437.93,118.80 1439.87,118.07 C 1441.81,117.34 1443.80,116.75 1445.80,116.29 C 1447.79,115.84 1449.83,115.52 1451.84,115.33 C 1453.86,115.15 1455.89,115.10 1457.89,115.18 C 1459.88,115.27 1461.88,115.49 1463.83,115.83 C 1465.77,116.18 1467.70,116.66 1469.56,117.25 C 1471.41,117.85 1473.24,118.57 1474.98,119.39 C 1476.72,120.22 1478.41,121.17 1480.01,122.21 C 1481.61,123.24 1483.14,124.39 1484.57,125.62 C 1486.00,126.85 1487.34,128.18 1488.58,129.57 C 1489.82,130.95 1490.96,132.43 1491.99,133.95 C 1493.02,135.48 1493.95,137.08 1494.75,138.70 C 1495.56,140.33 1496.26,142.02 1496.84,143.72 C 1497.41,145.41 1497.87,147.16 1498.21,148.90 C 1498.56,150.64 1498.78,152.41 1498.88,154.15 C 1498.99,155.90 1498.97,157.66 1498.85,159.39 C 1498.72,161.12 1498.47,162.84 1498.12,164.51 C 1497.77,166.19 1497.30,167.84 1496.74,169.43 C 1496.17,171.03 1495.50,172.58 1494.74,174.07 C 1493.97,175.56 1493.11,176.99 1492.17,178.35 C 1491.22,179.70 1490.19,181.00 1489.09,182.20 C 1487.99,183.40 1486.80,184.53 1485.56,185.56 C 1484.33,186.60 1483.02,187.55 1481.67,188.40 C 1480.33,189.25 1478.92,190.00 1477.49,190.66 C 1476.06,191.31 1474.58,191.87 1473.09,192.32 C 1471.61,192.78 1470.08,193.13 1468.57,193.38 C 1467.05,193.62 1465.52,193.77 1464.00,193.81 C 1462.49,193.86 1460.96,193.79 1459.47,193.64 C 1457.98,193.48 1456.50,193.22 1455.06,192.87 C 1453.62,192.52 1452.20,192.07 1450.84,191.54 C 1449.47,191.01 1448.14,190.38 1446.88,189.68 C 1445.61,188.98 1444.39,188.19 1443.25,187.34 C 1442.10,186.49 1441.01,185.55 1440.00,184.57 C 1438.99,183.58 1438.04,182.53 1437.18,181.43 C 1436.32,180.33 1435.53,179.17 1434.83,177.98 C 1434.14,176.80 1433.52,175.56 1432.99,174.30 C 1432.46,173.05 1432.02,171.75 1431.67,170.45 C 1431.32,169.15 1431.05,167.83 1430.88,166.51 C 1430.71,165.19 1430.62,163.86 1430.63,162.54 C 1430.63,161.23 1430.73,159.91 1430.90,158.63 C 1431.08,157.34 1431.34,156.06 1431.69,154.83 C 1432.03,153.59 1432.45,152.38 1432.95,151.21 C 1433.45,150.05 1434.03,148.91 1434.67,147.84 C 1435.31,146.76 1436.02,145.73 1436.79,144.76 C 1437.56,143.79 1438.40,142.87 1439.28,142.02 C 1440.16,141.17 1441.10,140.38 1442.07,139.67 C 1443.05,138.95 1444.07,138.30 1445.12,137.73 C 1446.17,137.16 1447.26,136.66 1448.36,136.23 C 1449.46,135.81 1450.59,135.46 1451.72,135.19 C 1452.86,134.93 1454.01,134.73 1455.16,134.62 C 1456.30,134.51 1457.46,134.47 1458.60,134.51 C 1459.73,134.55 1460.87,134.67 1461.98,134.85 C 1463.09,135.04 1464.19,135.31 1465.25,135.63 C 1466.31,135.96 1467.35,136.37 1468.34,136.83 C 1469.34,137.29 1470.30,137.82 1471.22,138.41 C 1472.13,138.99 1473.01,139.64 1473.82,140.33 C 1474.64,141.02 1475.42,141.77 1476.13,142.56 C 1476.84,143.34 1477.49,144.18 1478.09,145.04 C 1478.68,145.90 1479.21,146.80 1479.68,147.73 C 1480.15,148.65 1480.55,149.61 1480.89,150.57 C 1481.22,151.53 1481.49,152.52 1481.69,153.51 C 1481.90,154.50 1482.03,155.51 1482.10,156.50 C 1482.17,157.49 1482.16,158.50 1482.10,159.48 C 1482.04,160.46 1481.90,161.44 1481.71,162.40 C 1481.52,163.35 1481.26,164.29 1480.95,165.20 C 1480.63,166.11 1480.25,167.00 1479.83,167.85 C 1479.40,168.70 1478.91,169.52 1478.38,170.30 C 1477.85,171.07 1477.27,171.81 1476.65,172.50 C 1476.03,173.19 1475.36,173.84 1474.66,174.43 C 1473.96,175.02 1473.22,175.57 1472.46,176.06 C 1471.70,176.55 1470.90,176.99 1470.09,177.37 C 1469.28,177.74 1468.44,178.07 1467.59,178.33 C 1466.75,178.60 1465.89,178.80 1465.03,178.95 C 1464.16,179.10 1463.29,179.19 1462.43,179.22 C 1461.57,179.25 1460.70,179.22 1459.85,179.14 C 1459.00,179.06 1458.16,178.92 1457.34,178.72 C 1456.51,178.53 1455.71,178.28 1454.93,177.99 C 1454.15,177.69 1453.39,177.34 1452.67,176.95 C 1451.94,176.55 1451.25,176.11 1450.59,175.63 C 1449.93,175.15 1449.31,174.63 1448.73,174.07 C 1448.15,173.51 1447.61,172.92 1447.11,172.30 C 1446.62,171.67 1445.99,170.67 1445.76,170.3533:["$","path","2",{"d":"$69","fill":"none","stroke":"#7ea4b0","strokeWidth":9.35,"strokeLinecap":"round","opacity":0.85}]
6a:T1d70,M 1627.50,440.00 C 1627.30,441.22 1626.85,444.92 1626.33,447.32 C 1625.81,449.72 1625.15,452.09 1624.38,454.39 C 1623.61,456.69 1622.71,458.95 1621.70,461.13 C 1620.70,463.30 1619.57,465.42 1618.34,467.45 C 1617.12,469.48 1615.77,471.44 1614.35,473.31 C 1612.93,475.17 1611.40,476.95 1609.79,478.62 C 1608.19,480.30 1606.49,481.88 1604.74,483.35 C 1602.98,484.83 1601.14,486.20 1599.26,487.46 C 1597.37,488.71 1595.42,489.86 1593.43,490.89 C 1591.44,491.92 1589.39,492.84 1587.33,493.63 C 1585.26,494.43 1583.15,495.11 1581.04,495.67 C 1578.92,496.23 1576.77,496.66 1574.63,496.98 C 1572.49,497.30 1570.33,497.50 1568.20,497.58 C 1566.06,497.66 1563.92,497.62 1561.81,497.47 C 1559.70,497.32 1557.60,497.05 1555.54,496.67 C 1553.48,496.29 1551.45,495.80 1549.47,495.20 C 1547.49,494.61 1545.54,493.90 1543.66,493.10 C 1541.78,492.30 1539.95,491.40 1538.19,490.41 C 1536.43,489.42 1534.72,488.33 1533.10,487.17 C 1531.47,486.00 1529.92,484.75 1528.45,483.43 C 1526.98,482.11 1525.58,480.71 1524.28,479.25 C 1522.98,477.80 1521.77,476.27 1520.65,474.70 C 1519.53,473.12 1518.49,471.49 1517.56,469.82 C 1516.63,468.16 1515.80,466.44 1515.07,464.70 C 1514.33,462.97 1513.70,461.19 1513.17,459.40 C 1512.63,457.61 1512.20,455.80 1511.87,453.98 C 1511.55,452.17 1511.32,450.34 1511.19,448.52 C 1511.07,446.70 1511.04,444.88 1511.12,443.08 C 1511.19,441.28 1511.36,439.48 1511.63,437.72 C 1511.90,435.96 1512.26,434.21 1512.72,432.51 C 1513.17,430.81 1513.72,429.13 1514.35,427.51 C 1514.98,425.89 1515.70,424.30 1516.50,422.78 C 1517.29,421.25 1518.18,419.77 1519.12,418.36 C 1520.07,416.94 1521.10,415.58 1522.18,414.30 C 1523.26,413.01 1524.42,411.79 1525.62,410.64 C 1526.83,409.49 1528.10,408.42 1529.41,407.42 C 1530.71,406.43 1532.08,405.50 1533.47,404.67 C 1534.86,403.83 1536.31,403.07 1537.77,402.40 C 1539.22,401.73 1540.72,401.14 1542.23,400.64 C 1543.74,400.14 1545.27,399.73 1546.81,399.40 C 1548.34,399.07 1549.90,398.83 1551.44,398.67 C 1552.99,398.52 1554.54,398.45 1556.07,398.46 C 1557.61,398.48 1559.14,398.58 1560.65,398.76 C 1562.15,398.94 1563.65,399.20 1565.11,399.54 C 1566.57,399.88 1568.01,400.31 1569.41,400.80 C 1570.81,401.29 1572.18,401.86 1573.50,402.50 C 1574.82,403.14 1576.11,403.85 1577.33,404.62 C 1578.56,405.38 1579.75,406.22 1580.87,407.11 C 1582.00,408.00 1583.07,408.95 1584.08,409.95 C 1585.09,410.94 1586.04,411.99 1586.92,413.08 C 1587.80,414.17 1588.62,415.30 1589.37,416.47 C 1590.12,417.63 1590.81,418.84 1591.42,420.06 C 1592.03,421.29 1592.57,422.55 1593.03,423.82 C 1593.50,425.09 1593.90,426.38 1594.22,427.68 C 1594.54,428.98 1594.78,430.30 1594.96,431.61 C 1595.13,432.92 1595.23,434.24 1595.26,435.55 C 1595.29,436.85 1595.25,438.16 1595.13,439.45 C 1595.02,440.74 1594.83,442.02 1594.58,443.27 C 1594.33,444.52 1594.01,445.76 1593.63,446.96 C 1593.25,448.17 1592.80,449.35 1592.29,450.49 C 1591.78,451.63 1591.21,452.75 1590.59,453.81 C 1589.97,454.88 1589.29,455.91 1588.56,456.89 C 1587.83,457.87 1587.05,458.81 1586.23,459.70 C 1585.41,460.58 1584.54,461.42 1583.64,462.20 C 1582.74,462.98 1581.79,463.71 1580.82,464.38 C 1579.85,465.05 1578.84,465.66 1577.82,466.22 C 1576.79,466.77 1575.73,467.26 1574.66,467.69 C 1573.59,468.12 1572.50,468.49 1571.40,468.80 C 1570.31,469.11 1569.19,469.36 1568.08,469.54 C 1566.97,469.72 1565.85,469.84 1564.74,469.90 C 1563.62,469.96 1562.51,469.96 1561.41,469.90 C 1560.31,469.84 1559.22,469.71 1558.14,469.53 C 1557.07,469.35 1556.01,469.11 1554.97,468.82 C 1553.94,468.52 1552.92,468.17 1551.93,467.77 C 1550.95,467.37 1549.98,466.92 1549.06,466.41 C 1548.13,465.91 1547.24,465.36 1546.38,464.77 C 1545.53,464.18 1544.71,463.54 1543.93,462.86 C 1543.16,462.19 1542.42,461.47 1541.73,460.72 C 1541.04,459.98 1540.40,459.19 1539.80,458.38 C 1539.20,457.57 1538.65,456.73 1538.16,455.87 C 1537.66,455.01 1537.21,454.12 1536.81,453.23 C 1536.42,452.33 1536.07,451.41 1535.78,450.48 C 1535.49,449.55 1535.25,448.61 1535.07,447.67 C 1534.88,446.73 1534.75,445.78 1534.67,444.83 C 1534.59,443.89 1534.56,442.94 1534.58,442.00 C 1534.60,441.06 1534.68,440.13 1534.81,439.21 C 1534.93,438.29 1535.11,437.38 1535.33,436.49 C 1535.55,435.60 1535.82,434.72 1536.14,433.87 C 1536.45,433.02 1536.82,432.19 1537.22,431.39 C 1537.62,430.59 1538.07,429.81 1538.55,429.07 C 1539.03,428.33 1539.55,427.61 1540.10,426.93 C 1540.66,426.25 1541.25,425.61 1541.87,425.00 C 1542.49,424.39 1543.14,423.82 1543.81,423.29 C 1544.48,422.76 1545.18,422.27 1545.90,421.83 C 1546.62,421.38 1547.37,420.97 1548.12,420.61 C 1548.87,420.25 1549.65,419.93 1550.43,419.66 C 1551.21,419.39 1552.01,419.16 1552.80,418.98 C 1553.60,418.79 1554.40,418.65 1555.21,418.56 C 1556.01,418.47 1556.82,418.42 1557.62,418.41 C 1558.42,418.41 1559.21,418.45 1560.00,418.53 C 1560.79,418.61 1561.57,418.74 1562.33,418.90 C 1563.09,419.07 1563.85,419.27 1564.58,419.52 C 1565.31,419.76 1566.03,420.05 1566.72,420.37 C 1567.41,420.69 1568.09,421.05 1568.73,421.44 C 1569.38,421.83 1570.00,422.26 1570.59,422.71 C 1571.19,423.16 1571.75,423.65 1572.29,424.16 C 1572.82,424.67 1573.32,425.21 1573.79,425.77 C 1574.26,426.33 1574.70,426.91 1575.10,427.51 C 1575.50,428.11 1575.86,428.73 1576.19,429.37 C 1576.52,430.00 1576.81,430.65 1577.06,431.31 C 1577.31,431.96 1577.53,432.64 1577.71,433.31 C 1577.89,433.98 1578.03,434.67 1578.13,435.35 C 1578.23,436.03 1578.29,436.71 1578.32,437.39 C 1578.34,438.07 1578.33,438.75 1578.28,439.43 C 1578.23,440.10 1578.15,440.76 1578.03,441.42 C 1577.91,442.07 1577.75,442.72 1577.56,443.35 C 1577.37,443.98 1577.15,444.60 1576.89,445.20 C 1576.64,445.79 1576.35,446.38 1576.03,446.94 C 1575.72,447.50 1575.37,448.04 1575.00,448.56 C 1574.63,449.07 1574.23,449.57 1573.82,450.04 C 1573.40,450.50 1572.95,450.95 1572.49,451.36 C 1572.02,451.78 1571.54,452.16 1571.04,452.52 C 1570.54,452.88 1570.02,453.20 1569.49,453.50 C 1568.96,453.79 1568.41,454.06 1567.86,454.29 C 1567.31,454.53 1566.74,454.73 1566.17,454.90 C 1565.60,455.07 1565.02,455.20 1564.45,455.31 C 1563.87,455.41 1563.29,455.49 1562.71,455.53 C 1562.13,455.57 1561.55,455.57 1560.98,455.55 C 1560.41,455.53 1559.83,455.47 1559.27,455.39 C 1558.71,455.30 1558.16,455.19 1557.62,455.04 C 1557.08,454.90 1556.54,454.72 1556.03,454.52 C 1555.51,454.32 1555.01,454.09 1554.52,453.84 C 1554.04,453.59 1553.56,453.30 1553.11,453.00 C 1552.67,452.70 1552.23,452.38 1551.82,452.03 C 1551.41,451.69 1551.03,451.32 1550.66,450.94 C 1550.30,450.55 1549.95,450.15 1549.64,449.73 C 1549.32,449.32 1549.03,448.88 1548.76,448.44 C 1548.49,448.00 1548.25,447.54 1548.04,447.07 C 1547.83,446.61 1547.64,446.13 1547.48,445.65 C 1547.32,445.17 1547.19,444.68 1547.08,444.20 C 1546.98,443.71 1546.90,443.21 1546.85,442.72 C 1546.80,442.23 1546.78,441.74 1546.79,441.25 C 1546.79,440.76 1546.82,440.27 1546.88,439.79 C 1546.94,439.31 1547.02,438.84 1547.13,438.37 C 1547.24,437.91 1547.37,437.45 1547.53,437.01 C 1547.69,436.56 1547.87,436.13 1548.07,435.71 C 1548.27,435.29 1548.50,434.88 1548.74,434.49 C 1548.99,434.09 1549.26,433.72 1549.54,433.36 C 1549.82,433.00 1550.12,432.66 1550.44,432.34 C 1550.76,432.02 1551.09,431.72 1551.44,431.44 C 1551.78,431.16 1552.14,430.89 1552.51,430.66 C 1552.88,430.42 1553.27,430.20 1553.66,430.01 C 1554.05,429.81 1554.45,429.64 1554.85,429.49 C 1555.26,429.34 1555.67,429.22 1556.08,429.12 C 1556.49,429.01 1556.91,428.93 1557.33,428.88 C 1557.75,428.82 1558.17,428.79 1558.58,428.78 C 1559.00,428.77 1559.41,428.79 1559.82,428.82 C 1560.23,428.86 1560.64,428.92 1561.04,429.00 C 1561.44,429.08 1561.83,429.18 1562.22,429.30 C 1562.60,429.42 1563.15,429.66 1563.34,429.7335:["$","path","1",{"d":"$6a","fill":"none","stroke":"#4c6394","strokeWidth":5.1,"strokeLinecap":"round","opacity":0.85}]
6b:T1d70,M 1620.00,440.00 C 1619.83,441.08 1619.42,444.38 1618.96,446.51 C 1618.50,448.64 1617.91,450.75 1617.23,452.79 C 1616.54,454.84 1615.74,456.84 1614.85,458.78 C 1613.95,460.71 1612.95,462.60 1611.86,464.40 C 1610.77,466.21 1609.58,467.95 1608.31,469.61 C 1607.04,471.26 1605.68,472.84 1604.26,474.33 C 1602.84,475.82 1601.33,477.23 1599.77,478.54 C 1598.21,479.85 1596.57,481.07 1594.90,482.18 C 1593.22,483.30 1591.48,484.32 1589.71,485.24 C 1587.95,486.15 1586.13,486.97 1584.29,487.67 C 1582.46,488.38 1580.58,488.99 1578.70,489.48 C 1576.82,489.98 1574.91,490.37 1573.01,490.65 C 1571.10,490.94 1569.18,491.11 1567.28,491.18 C 1565.38,491.26 1563.48,491.22 1561.61,491.09 C 1559.73,490.95 1557.86,490.71 1556.04,490.37 C 1554.21,490.04 1552.40,489.60 1550.64,489.07 C 1548.88,488.54 1547.15,487.91 1545.48,487.20 C 1543.81,486.49 1542.18,485.69 1540.61,484.81 C 1539.05,483.93 1537.53,482.96 1536.09,481.93 C 1534.64,480.89 1533.26,479.78 1531.95,478.60 C 1530.65,477.43 1529.41,476.18 1528.25,474.89 C 1527.10,473.60 1526.01,472.24 1525.02,470.84 C 1524.02,469.44 1523.11,467.99 1522.28,466.51 C 1521.45,465.03 1520.71,463.50 1520.06,461.96 C 1519.41,460.41 1518.84,458.83 1518.37,457.24 C 1517.90,455.66 1517.51,454.04 1517.22,452.43 C 1516.93,450.82 1516.73,449.19 1516.62,447.57 C 1516.50,445.96 1516.48,444.33 1516.55,442.73 C 1516.61,441.13 1516.77,439.54 1517.01,437.97 C 1517.24,436.41 1517.57,434.86 1517.97,433.34 C 1518.37,431.83 1518.86,430.34 1519.42,428.90 C 1519.98,427.46 1520.63,426.05 1521.33,424.69 C 1522.04,423.33 1522.82,422.02 1523.66,420.76 C 1524.51,419.50 1525.42,418.30 1526.38,417.15 C 1527.35,416.01 1528.37,414.92 1529.44,413.90 C 1530.51,412.88 1531.64,411.93 1532.81,411.04 C 1533.97,410.16 1535.18,409.34 1536.42,408.59 C 1537.66,407.85 1538.94,407.18 1540.24,406.58 C 1541.53,405.98 1542.86,405.46 1544.20,405.02 C 1545.54,404.57 1546.91,404.20 1548.27,403.91 C 1549.64,403.62 1551.02,403.40 1552.39,403.26 C 1553.77,403.13 1555.15,403.06 1556.51,403.08 C 1557.87,403.09 1559.24,403.18 1560.58,403.34 C 1561.91,403.50 1563.24,403.74 1564.54,404.04 C 1565.84,404.34 1567.12,404.72 1568.37,405.15 C 1569.61,405.59 1570.83,406.10 1572.00,406.67 C 1573.17,407.23 1574.32,407.86 1575.41,408.55 C 1576.50,409.23 1577.55,409.98 1578.55,410.77 C 1579.55,411.55 1580.51,412.40 1581.40,413.29 C 1582.30,414.17 1583.14,415.10 1583.93,416.07 C 1584.71,417.04 1585.44,418.05 1586.11,419.08 C 1586.78,420.12 1587.38,421.19 1587.93,422.28 C 1588.47,423.37 1588.95,424.49 1589.36,425.62 C 1589.78,426.74 1590.13,427.90 1590.41,429.05 C 1590.70,430.20 1590.92,431.37 1591.07,432.54 C 1591.23,433.70 1591.32,434.88 1591.34,436.04 C 1591.37,437.20 1591.33,438.37 1591.23,439.51 C 1591.13,440.65 1590.96,441.79 1590.74,442.91 C 1590.52,444.02 1590.23,445.12 1589.89,446.19 C 1589.55,447.26 1589.15,448.31 1588.70,449.33 C 1588.25,450.34 1587.74,451.33 1587.19,452.28 C 1586.64,453.23 1586.03,454.14 1585.39,455.01 C 1584.74,455.89 1584.05,456.72 1583.32,457.51 C 1582.59,458.29 1581.82,459.04 1581.01,459.73 C 1580.21,460.43 1579.37,461.08 1578.51,461.67 C 1577.65,462.27 1576.75,462.81 1575.84,463.30 C 1574.92,463.79 1573.98,464.23 1573.03,464.62 C 1572.08,465.00 1571.11,465.33 1570.14,465.60 C 1569.16,465.88 1568.17,466.09 1567.18,466.26 C 1566.20,466.42 1565.20,466.53 1564.21,466.58 C 1563.22,466.63 1562.23,466.63 1561.25,466.58 C 1560.28,466.52 1559.30,466.41 1558.35,466.25 C 1557.39,466.09 1556.45,465.88 1555.53,465.62 C 1554.61,465.36 1553.70,465.04 1552.83,464.69 C 1551.95,464.33 1551.10,463.92 1550.27,463.48 C 1549.45,463.04 1548.66,462.54 1547.90,462.02 C 1547.14,461.49 1546.41,460.92 1545.72,460.32 C 1545.03,459.72 1544.37,459.08 1543.76,458.42 C 1543.15,457.76 1542.57,457.06 1542.04,456.34 C 1541.51,455.62 1541.03,454.87 1540.58,454.11 C 1540.14,453.34 1539.74,452.55 1539.39,451.76 C 1539.04,450.96 1538.73,450.14 1538.47,449.32 C 1538.21,448.49 1538.00,447.66 1537.84,446.82 C 1537.67,445.98 1537.55,445.14 1537.48,444.30 C 1537.41,443.46 1537.38,442.61 1537.41,441.78 C 1537.43,440.94 1537.49,440.11 1537.60,439.30 C 1537.72,438.48 1537.87,437.67 1538.07,436.88 C 1538.27,436.09 1538.51,435.31 1538.79,434.55 C 1539.07,433.80 1539.39,433.06 1539.75,432.35 C 1540.11,431.64 1540.50,430.94 1540.93,430.28 C 1541.36,429.62 1541.82,428.99 1542.32,428.38 C 1542.81,427.78 1543.33,427.21 1543.88,426.67 C 1544.43,426.13 1545.01,425.62 1545.61,425.15 C 1546.21,424.68 1546.83,424.24 1547.47,423.85 C 1548.11,423.45 1548.77,423.09 1549.44,422.77 C 1550.11,422.45 1550.80,422.16 1551.49,421.92 C 1552.19,421.68 1552.89,421.47 1553.60,421.31 C 1554.31,421.15 1555.03,421.03 1555.74,420.94 C 1556.45,420.86 1557.17,420.81 1557.88,420.81 C 1558.59,420.81 1559.30,420.84 1560.00,420.91 C 1560.70,420.99 1561.39,421.10 1562.07,421.24 C 1562.75,421.39 1563.42,421.58 1564.07,421.80 C 1564.72,422.01 1565.36,422.27 1565.97,422.55 C 1566.59,422.84 1567.19,423.16 1567.76,423.50 C 1568.34,423.85 1568.89,424.23 1569.42,424.63 C 1569.94,425.03 1570.45,425.47 1570.92,425.92 C 1571.39,426.37 1571.84,426.85 1572.26,427.35 C 1572.68,427.85 1573.06,428.37 1573.42,428.90 C 1573.77,429.43 1574.10,429.99 1574.39,430.55 C 1574.68,431.11 1574.94,431.69 1575.17,432.27 C 1575.39,432.86 1575.58,433.45 1575.74,434.05 C 1575.90,434.65 1576.02,435.26 1576.11,435.86 C 1576.20,436.47 1576.26,437.08 1576.28,437.68 C 1576.30,438.29 1576.29,438.89 1576.25,439.49 C 1576.21,440.09 1576.13,440.68 1576.02,441.26 C 1575.92,441.84 1575.78,442.42 1575.61,442.98 C 1575.44,443.54 1575.24,444.09 1575.02,444.62 C 1574.79,445.15 1574.53,445.67 1574.25,446.17 C 1573.97,446.67 1573.67,447.15 1573.34,447.61 C 1573.01,448.07 1572.65,448.51 1572.28,448.92 C 1571.91,449.34 1571.51,449.73 1571.10,450.10 C 1570.69,450.47 1570.25,450.81 1569.81,451.13 C 1569.37,451.44 1568.90,451.74 1568.43,452.00 C 1567.96,452.26 1567.48,452.50 1566.99,452.71 C 1566.49,452.91 1565.99,453.09 1565.49,453.24 C 1564.98,453.39 1564.47,453.52 1563.95,453.61 C 1563.44,453.70 1562.92,453.77 1562.41,453.80 C 1561.89,453.84 1561.38,453.84 1560.87,453.82 C 1560.36,453.80 1559.85,453.75 1559.36,453.68 C 1558.86,453.60 1558.36,453.50 1557.88,453.37 C 1557.40,453.24 1556.93,453.09 1556.47,452.91 C 1556.01,452.73 1555.56,452.53 1555.13,452.30 C 1554.70,452.08 1554.28,451.83 1553.88,451.56 C 1553.48,451.29 1553.10,451.00 1552.73,450.69 C 1552.37,450.39 1552.02,450.06 1551.70,449.72 C 1551.37,449.38 1551.07,449.02 1550.79,448.65 C 1550.51,448.28 1550.25,447.90 1550.01,447.50 C 1549.77,447.11 1549.56,446.70 1549.37,446.29 C 1549.18,445.87 1549.01,445.45 1548.87,445.02 C 1548.73,444.60 1548.61,444.16 1548.52,443.73 C 1548.43,443.30 1548.36,442.86 1548.31,442.42 C 1548.27,441.98 1548.25,441.54 1548.25,441.11 C 1548.26,440.68 1548.29,440.24 1548.34,439.82 C 1548.39,439.39 1548.46,438.97 1548.56,438.55 C 1548.66,438.14 1548.78,437.73 1548.92,437.34 C 1549.05,436.94 1549.22,436.56 1549.40,436.18 C 1549.58,435.81 1549.78,435.45 1549.99,435.10 C 1550.21,434.75 1550.45,434.42 1550.70,434.10 C 1550.95,433.78 1551.22,433.48 1551.50,433.19 C 1551.78,432.91 1552.08,432.64 1552.39,432.39 C 1552.70,432.14 1553.02,431.91 1553.35,431.69 C 1553.67,431.48 1554.02,431.29 1554.36,431.12 C 1554.71,430.94 1555.06,430.79 1555.42,430.66 C 1555.78,430.53 1556.15,430.42 1556.52,430.32 C 1556.88,430.23 1557.26,430.16 1557.63,430.12 C 1558.00,430.07 1558.37,430.04 1558.74,430.03 C 1559.11,430.02 1559.48,430.03 1559.84,430.07 C 1560.21,430.10 1560.57,430.15 1560.92,430.22 C 1561.28,430.29 1561.63,430.38 1561.97,430.49 C 1562.31,430.60 1562.80,430.81 1562.97,430.8736:["$","path","2",{"d":"$6b","fill":"none","stroke":"#7ea4b0","strokeWidth":5.1,"strokeLinecap":"round","opacity":0.85}]
6c:T1b8f,M 671.00,560.00 C 670.75,561.57 670.18,566.33 669.51,569.41 C 668.83,572.49 667.97,575.53 666.95,578.47 C 665.93,581.42 664.73,584.30 663.39,587.07 C 662.04,589.85 660.53,592.54 658.89,595.10 C 657.25,597.67 655.45,600.13 653.54,602.46 C 651.64,604.79 649.58,607.00 647.44,609.06 C 645.30,611.12 643.03,613.06 640.68,614.83 C 638.34,616.60 635.89,618.24 633.38,619.71 C 630.87,621.18 628.28,622.50 625.65,623.65 C 623.01,624.80 620.31,625.79 617.59,626.62 C 614.88,627.44 612.11,628.10 609.35,628.60 C 606.58,629.09 603.79,629.42 601.02,629.58 C 598.25,629.75 595.47,629.74 592.73,629.58 C 590.00,629.42 587.27,629.09 584.60,628.62 C 581.93,628.14 579.29,627.50 576.73,626.73 C 574.16,625.95 571.65,625.02 569.22,623.96 C 566.79,622.90 564.43,621.69 562.17,620.36 C 559.91,619.04 557.73,617.58 555.67,616.02 C 553.61,614.46 551.64,612.77 549.80,611.00 C 547.95,609.23 546.21,607.34 544.61,605.39 C 543.01,603.44 541.52,601.38 540.17,599.28 C 538.83,597.18 537.60,594.99 536.53,592.77 C 535.45,590.55 534.50,588.26 533.70,585.95 C 532.90,583.65 532.24,581.29 531.73,578.93 C 531.21,576.58 530.83,574.19 530.60,571.82 C 530.37,569.44 530.27,567.05 530.32,564.70 C 530.37,562.34 530.56,559.98 530.87,557.68 C 531.19,555.37 531.65,553.08 532.23,550.85 C 532.81,548.62 533.53,546.43 534.36,544.31 C 535.19,542.19 536.15,540.12 537.21,538.13 C 538.27,536.15 539.45,534.23 540.72,532.40 C 541.99,530.58 543.37,528.83 544.83,527.18 C 546.29,525.54 547.85,523.98 549.48,522.54 C 551.10,521.10 552.81,519.75 554.58,518.52 C 556.34,517.29 558.17,516.17 560.05,515.17 C 561.92,514.17 563.85,513.28 565.81,512.52 C 567.76,511.75 569.76,511.10 571.77,510.58 C 573.77,510.06 575.81,509.65 577.85,509.37 C 579.88,509.09 581.93,508.93 583.95,508.89 C 585.98,508.85 588.01,508.93 590.00,509.13 C 591.99,509.33 593.98,509.64 595.91,510.07 C 597.84,510.49 599.75,511.03 601.60,511.67 C 603.45,512.31 605.26,513.07 607.00,513.91 C 608.74,514.75 610.43,515.70 612.04,516.74 C 613.65,517.77 615.20,518.89 616.67,520.09 C 618.13,521.29 619.52,522.58 620.81,523.93 C 622.11,525.27 623.32,526.70 624.43,528.17 C 625.55,529.64 626.57,531.18 627.50,532.76 C 628.42,534.33 629.25,535.96 629.97,537.61 C 630.70,539.27 631.32,540.96 631.84,542.67 C 632.36,544.38 632.77,546.12 633.08,547.85 C 633.39,549.58 633.60,551.34 633.70,553.08 C 633.80,554.82 633.80,556.56 633.70,558.28 C 633.60,560.00 633.39,561.72 633.09,563.39 C 632.79,565.07 632.39,566.73 631.91,568.34 C 631.42,569.95 630.83,571.53 630.17,573.05 C 629.50,574.57 628.74,576.06 627.91,577.48 C 627.08,578.89 626.16,580.26 625.18,581.56 C 624.20,582.85 623.14,584.09 622.03,585.25 C 620.92,586.41 619.73,587.50 618.51,588.51 C 617.28,589.51 615.99,590.45 614.67,591.29 C 613.35,592.14 611.97,592.90 610.58,593.58 C 609.18,594.26 607.75,594.85 606.30,595.35 C 604.85,595.86 603.37,596.27 601.89,596.60 C 600.41,596.92 598.91,597.16 597.42,597.30 C 595.93,597.45 594.43,597.51 592.95,597.48 C 591.47,597.45 589.99,597.33 588.54,597.13 C 587.09,596.93 585.65,596.64 584.25,596.28 C 582.85,595.91 581.48,595.46 580.14,594.94 C 578.81,594.42 577.51,593.82 576.27,593.16 C 575.02,592.49 573.81,591.75 572.67,590.95 C 571.52,590.15 570.42,589.28 569.39,588.37 C 568.36,587.45 567.38,586.47 566.48,585.45 C 565.57,584.43 564.72,583.35 563.95,582.25 C 563.18,581.14 562.48,579.99 561.85,578.81 C 561.22,577.64 560.66,576.42 560.18,575.19 C 559.70,573.97 559.29,572.71 558.96,571.45 C 558.63,570.19 558.38,568.91 558.20,567.63 C 558.03,566.36 557.93,565.07 557.90,563.80 C 557.88,562.53 557.93,561.25 558.05,560.00 C 558.18,558.75 558.38,557.50 558.64,556.29 C 558.91,555.07 559.25,553.87 559.65,552.71 C 560.05,551.55 560.53,550.41 561.06,549.32 C 561.59,548.23 562.18,547.17 562.83,546.16 C 563.48,545.14 564.19,544.17 564.94,543.25 C 565.69,542.34 566.50,541.46 567.34,540.65 C 568.19,539.84 569.09,539.07 570.01,538.37 C 570.93,537.67 571.90,537.03 572.89,536.45 C 573.88,535.87 574.90,535.35 575.94,534.90 C 576.98,534.44 578.05,534.05 579.12,533.73 C 580.19,533.40 581.28,533.14 582.37,532.94 C 583.46,532.75 584.56,532.62 585.65,532.56 C 586.75,532.49 587.84,532.49 588.92,532.56 C 590.00,532.62 591.08,532.75 592.13,532.94 C 593.18,533.12 594.22,533.38 595.23,533.68 C 596.25,533.99 597.24,534.36 598.20,534.78 C 599.15,535.19 600.08,535.67 600.98,536.19 C 601.87,536.71 602.73,537.29 603.54,537.91 C 604.35,538.52 605.13,539.19 605.86,539.89 C 606.58,540.58 607.27,541.33 607.90,542.10 C 608.53,542.87 609.12,543.68 609.65,544.51 C 610.18,545.34 610.66,546.20 611.09,547.08 C 611.52,547.95 611.89,548.85 612.20,549.76 C 612.52,550.67 612.78,551.60 612.98,552.53 C 613.19,553.46 613.34,554.40 613.43,555.34 C 613.52,556.28 613.56,557.22 613.54,558.15 C 613.52,559.08 613.45,560.01 613.32,560.92 C 613.19,561.83 613.01,562.73 612.78,563.61 C 612.55,564.49 612.27,565.35 611.95,566.19 C 611.62,567.03 611.24,567.84 610.82,568.62 C 610.40,569.41 609.94,570.17 609.44,570.88 C 608.94,571.60 608.39,572.29 607.81,572.94 C 607.24,573.59 606.62,574.20 605.98,574.77 C 605.34,575.34 604.67,575.87 603.97,576.36 C 603.28,576.84 602.55,577.29 601.81,577.68 C 601.08,578.08 600.31,578.43 599.54,578.73 C 598.77,579.03 597.98,579.28 597.19,579.49 C 596.40,579.70 595.59,579.86 594.79,579.97 C 593.99,580.08 593.18,580.14 592.39,580.16 C 591.59,580.17 590.79,580.14 590.00,580.06 C 589.21,579.99 588.43,579.86 587.67,579.69 C 586.91,579.53 586.15,579.31 585.42,579.06 C 584.69,578.81 583.98,578.51 583.29,578.18 C 582.61,577.84 581.94,577.47 581.31,577.06 C 580.67,576.66 580.06,576.21 579.48,575.74 C 578.91,575.27 578.36,574.76 577.85,574.23 C 577.34,573.70 576.86,573.13 576.42,572.55 C 575.98,571.97 575.57,571.37 575.21,570.75 C 574.85,570.12 574.52,569.48 574.23,568.83 C 573.95,568.18 573.70,567.51 573.50,566.83 C 573.29,566.16 573.13,565.48 573.01,564.79 C 572.89,564.11 572.81,563.42 572.77,562.73 C 572.72,562.04 572.73,561.36 572.77,560.68 C 572.81,560.00 572.89,559.32 573.00,558.66 C 573.12,558.00 573.28,557.35 573.47,556.71 C 573.66,556.08 573.90,555.45 574.16,554.85 C 574.42,554.25 574.72,553.67 575.05,553.11 C 575.38,552.55 575.74,552.01 576.12,551.50 C 576.51,550.99 576.93,550.50 577.37,550.04 C 577.81,549.58 578.27,549.15 578.76,548.76 C 579.24,548.36 579.75,547.99 580.27,547.66 C 580.79,547.32 581.33,547.02 581.88,546.76 C 582.43,546.49 583.00,546.25 583.57,546.06 C 584.14,545.86 584.73,545.69 585.31,545.57 C 585.89,545.44 586.49,545.34 587.07,545.29 C 587.66,545.23 588.25,545.21 588.84,545.22 C 589.42,545.23 590.00,545.28 590.58,545.35 C 591.15,545.43 591.71,545.55 592.27,545.69 C 592.82,545.84 593.36,546.01 593.89,546.22 C 594.41,546.42 594.92,546.66 595.42,546.92 C 595.91,547.19 596.38,547.48 596.84,547.79 C 597.29,548.11 597.72,548.45 598.13,548.81 C 598.54,549.17 598.92,549.56 599.28,549.96 C 599.64,550.36 599.97,550.79 600.27,551.23 C 600.58,551.66 600.86,552.12 601.10,552.58 C 601.35,553.04 601.57,553.52 601.76,554.01 C 601.95,554.49 602.11,554.99 602.24,555.48 C 602.37,555.98 602.47,556.49 602.54,556.99 C 602.61,557.49 602.65,558.00 602.66,558.50 C 602.67,559.00 602.61,559.75 602.60,560.0038:["$","path","1",{"d":"$6c","fill":"none","stroke":"#4c6394","strokeWidth":5.95,"strokeLinecap":"round","opacity":0.85}]
6d:T1b8f,M 662.00,560.00 C 661.78,561.39 661.27,565.63 660.67,568.36 C 660.07,571.10 659.31,573.80 658.40,576.42 C 657.49,579.04 656.43,581.60 655.23,584.07 C 654.04,586.53 652.69,588.92 651.24,591.20 C 649.78,593.48 648.18,595.67 646.48,597.74 C 644.79,599.81 642.96,601.78 641.06,603.61 C 639.15,605.44 637.14,607.16 635.05,608.74 C 632.97,610.32 630.79,611.77 628.56,613.07 C 626.33,614.38 624.02,615.55 621.68,616.58 C 619.35,617.60 616.94,618.48 614.53,619.22 C 612.11,619.95 609.65,620.54 607.20,620.98 C 604.74,621.41 602.26,621.70 599.80,621.85 C 597.34,622.00 594.86,621.99 592.43,621.85 C 590.00,621.71 587.57,621.42 585.20,620.99 C 582.83,620.57 580.48,620.00 578.20,619.31 C 575.92,618.62 573.68,617.79 571.53,616.85 C 569.37,615.91 567.27,614.83 565.26,613.66 C 563.26,612.48 561.32,611.18 559.49,609.79 C 557.65,608.41 555.90,606.91 554.26,605.33 C 552.62,603.76 551.08,602.08 549.65,600.35 C 548.23,598.61 546.91,596.79 545.71,594.92 C 544.51,593.05 543.43,591.10 542.47,589.13 C 541.51,587.15 540.67,585.12 539.96,583.07 C 539.25,581.02 538.66,578.92 538.20,576.83 C 537.74,574.74 537.41,572.61 537.20,570.50 C 536.99,568.39 536.91,566.27 536.95,564.18 C 536.99,562.08 537.16,559.99 537.44,557.94 C 537.73,555.88 538.13,553.85 538.65,551.87 C 539.17,549.89 539.80,547.94 540.54,546.05 C 541.28,544.17 542.13,542.33 543.07,540.56 C 544.01,538.80 545.07,537.09 546.19,535.47 C 547.32,533.85 548.55,532.29 549.85,530.83 C 551.15,529.37 552.54,527.99 553.98,526.70 C 555.42,525.42 556.95,524.22 558.51,523.13 C 560.08,522.04 561.71,521.04 563.37,520.15 C 565.04,519.26 566.76,518.47 568.49,517.79 C 570.23,517.11 572.01,516.54 573.79,516.07 C 575.58,515.61 577.39,515.25 579.20,515.00 C 581.00,514.75 582.82,514.61 584.62,514.57 C 586.42,514.54 588.23,514.61 590.00,514.78 C 591.77,514.96 593.53,515.24 595.25,515.62 C 596.97,515.99 598.67,516.47 600.31,517.04 C 601.96,517.61 603.57,518.28 605.11,519.03 C 606.66,519.78 608.16,520.63 609.60,521.54 C 611.03,522.46 612.40,523.46 613.70,524.53 C 615.00,525.59 616.24,526.74 617.39,527.93 C 618.54,529.13 619.62,530.40 620.61,531.71 C 621.60,533.01 622.51,534.38 623.33,535.78 C 624.15,537.18 624.89,538.63 625.53,540.10 C 626.17,541.57 626.73,543.08 627.19,544.60 C 627.65,546.11 628.02,547.66 628.29,549.20 C 628.57,550.74 628.75,552.30 628.84,553.85 C 628.93,555.39 628.93,556.95 628.84,558.47 C 628.75,560.00 628.57,561.53 628.30,563.01 C 628.04,564.50 627.68,565.98 627.25,567.41 C 626.82,568.84 626.29,570.25 625.70,571.60 C 625.11,572.95 624.44,574.27 623.70,575.53 C 622.96,576.80 622.14,578.01 621.27,579.16 C 620.40,580.32 619.46,581.41 618.47,582.44 C 617.48,583.47 616.43,584.44 615.34,585.34 C 614.25,586.23 613.10,587.06 611.93,587.82 C 610.75,588.57 609.53,589.25 608.29,589.85 C 607.05,590.45 605.77,590.98 604.49,591.43 C 603.20,591.87 601.89,592.24 600.57,592.53 C 599.25,592.82 597.92,593.03 596.60,593.16 C 595.27,593.29 593.94,593.34 592.62,593.32 C 591.31,593.29 589.99,593.18 588.70,593.01 C 587.41,592.83 586.14,592.57 584.89,592.25 C 583.65,591.92 582.42,591.52 581.24,591.06 C 580.06,590.60 578.90,590.06 577.79,589.47 C 576.68,588.88 575.61,588.22 574.59,587.51 C 573.57,586.80 572.60,586.03 571.68,585.21 C 570.76,584.40 569.89,583.53 569.09,582.62 C 568.28,581.71 567.53,580.76 566.85,579.78 C 566.16,578.79 565.53,577.77 564.97,576.72 C 564.42,575.68 563.92,574.60 563.49,573.51 C 563.07,572.42 562.70,571.30 562.41,570.18 C 562.12,569.06 561.89,567.92 561.74,566.79 C 561.58,565.65 561.49,564.51 561.47,563.38 C 561.45,562.25 561.49,561.11 561.60,560.00 C 561.71,558.89 561.89,557.78 562.13,556.70 C 562.36,555.62 562.66,554.56 563.02,553.52 C 563.38,552.49 563.80,551.48 564.27,550.51 C 564.74,549.54 565.27,548.59 565.85,547.69 C 566.42,546.79 567.05,545.93 567.72,545.11 C 568.39,544.30 569.11,543.52 569.86,542.80 C 570.61,542.08 571.41,541.40 572.23,540.78 C 573.05,540.16 573.91,539.58 574.79,539.07 C 575.67,538.55 576.58,538.09 577.50,537.69 C 578.43,537.28 579.37,536.93 580.33,536.64 C 581.28,536.36 582.25,536.12 583.22,535.95 C 584.19,535.78 585.17,535.66 586.14,535.61 C 587.11,535.55 588.08,535.55 589.04,535.61 C 590.00,535.66 590.96,535.78 591.89,535.94 C 592.83,536.11 593.75,536.33 594.65,536.61 C 595.55,536.88 596.43,537.21 597.29,537.58 C 598.14,537.95 598.96,538.37 599.76,538.84 C 600.55,539.30 601.31,539.81 602.04,540.36 C 602.76,540.91 603.45,541.50 604.10,542.12 C 604.74,542.74 605.35,543.40 605.91,544.09 C 606.48,544.77 607.00,545.49 607.47,546.23 C 607.94,546.97 608.37,547.73 608.75,548.51 C 609.12,549.29 609.46,550.09 609.74,550.90 C 610.02,551.71 610.25,552.54 610.43,553.36 C 610.61,554.19 610.74,555.03 610.82,555.86 C 610.91,556.69 610.94,557.53 610.92,558.35 C 610.91,559.18 610.84,560.01 610.73,560.81 C 610.62,561.62 610.46,562.43 610.25,563.21 C 610.05,563.99 609.80,564.76 609.51,565.50 C 609.22,566.24 608.88,566.97 608.51,567.67 C 608.14,568.36 607.72,569.04 607.28,569.68 C 606.83,570.32 606.35,570.93 605.83,571.50 C 605.32,572.08 604.78,572.63 604.21,573.13 C 603.64,573.64 603.04,574.11 602.42,574.54 C 601.80,574.97 601.16,575.37 600.50,575.72 C 599.84,576.07 599.17,576.38 598.48,576.65 C 597.80,576.92 597.10,577.14 596.39,577.33 C 595.69,577.51 594.97,577.65 594.26,577.75 C 593.55,577.85 592.83,577.90 592.12,577.92 C 591.41,577.93 590.70,577.90 590.00,577.83 C 589.30,577.77 588.61,577.65 587.93,577.51 C 587.25,577.36 586.58,577.17 585.93,576.94 C 585.28,576.72 584.65,576.45 584.04,576.16 C 583.43,575.86 582.84,575.53 582.27,575.17 C 581.71,574.81 581.16,574.41 580.65,573.99 C 580.14,573.57 579.65,573.12 579.20,572.65 C 578.74,572.18 578.32,571.68 577.93,571.16 C 577.54,570.64 577.18,570.10 576.85,569.55 C 576.53,569.00 576.24,568.43 575.99,567.85 C 575.73,567.27 575.51,566.67 575.33,566.08 C 575.15,565.48 575.01,564.87 574.90,564.26 C 574.79,563.65 574.72,563.04 574.68,562.43 C 574.64,561.82 574.64,561.20 574.68,560.60 C 574.72,560.00 574.79,559.40 574.89,558.81 C 575.00,558.22 575.14,557.64 575.31,557.08 C 575.48,556.51 575.69,555.96 575.92,555.42 C 576.15,554.89 576.42,554.37 576.71,553.87 C 577.00,553.38 577.32,552.90 577.67,552.44 C 578.01,551.99 578.38,551.55 578.77,551.15 C 579.16,550.74 579.58,550.36 580.01,550.01 C 580.44,549.65 580.89,549.33 581.35,549.03 C 581.81,548.73 582.30,548.46 582.79,548.23 C 583.27,547.99 583.78,547.78 584.29,547.61 C 584.79,547.43 585.31,547.28 585.83,547.17 C 586.35,547.06 586.88,546.97 587.40,546.92 C 587.92,546.87 588.45,546.85 588.97,546.86 C 589.48,546.87 590.00,546.91 590.51,546.98 C 591.02,547.05 591.52,547.15 592.01,547.28 C 592.51,547.41 592.99,547.57 593.46,547.75 C 593.92,547.93 594.38,548.14 594.81,548.38 C 595.25,548.61 595.67,548.87 596.08,549.15 C 596.48,549.43 596.86,549.73 597.23,550.06 C 597.59,550.38 597.93,550.72 598.25,551.08 C 598.57,551.44 598.86,551.81 599.13,552.20 C 599.40,552.59 599.65,552.99 599.87,553.41 C 600.09,553.82 600.29,554.24 600.45,554.67 C 600.62,555.10 600.77,555.54 600.88,555.99 C 601.00,556.43 601.08,556.88 601.15,557.32 C 601.21,557.77 601.24,558.22 601.25,558.67 C 601.26,559.11 601.21,559.78 601.20,560.0039:["$","path","2",{"d":"$6d","fill":"none","stroke":"#7ea4b0","strokeWidth":5.95,"strokeLinecap":"round","opacity":0.85}]
6e:T1d70,M 1156.50,570.00 C 1156.28,571.38 1155.75,575.58 1155.15,578.30 C 1154.56,581.01 1153.81,583.70 1152.93,586.30 C 1152.05,588.91 1151.02,591.46 1149.87,593.92 C 1148.72,596.39 1147.44,598.78 1146.05,601.08 C 1144.65,603.37 1143.13,605.59 1141.51,607.69 C 1139.89,609.80 1138.15,611.81 1136.34,613.70 C 1134.52,615.59 1132.59,617.38 1130.60,619.04 C 1128.61,620.70 1126.53,622.25 1124.39,623.66 C 1122.26,625.08 1120.04,626.37 1117.79,627.53 C 1115.54,628.69 1113.22,629.72 1110.88,630.61 C 1108.55,631.51 1106.16,632.27 1103.77,632.89 C 1101.37,633.52 1098.94,634.01 1096.53,634.36 C 1094.11,634.72 1091.67,634.93 1089.25,635.02 C 1086.84,635.11 1084.42,635.06 1082.04,634.88 C 1079.66,634.70 1077.29,634.39 1074.97,633.95 C 1072.65,633.52 1070.35,632.96 1068.12,632.28 C 1065.89,631.60 1063.69,630.80 1061.57,629.89 C 1059.45,628.99 1057.39,627.96 1055.40,626.84 C 1053.42,625.72 1051.50,624.49 1049.67,623.17 C 1047.85,621.85 1046.09,620.43 1044.44,618.94 C 1042.79,617.45 1041.22,615.87 1039.76,614.22 C 1038.30,612.58 1036.93,610.85 1035.67,609.08 C 1034.42,607.31 1033.26,605.46 1032.22,603.58 C 1031.17,601.70 1030.24,599.77 1029.42,597.81 C 1028.60,595.85 1027.89,593.84 1027.29,591.83 C 1026.70,589.82 1026.22,587.77 1025.86,585.73 C 1025.49,583.69 1025.24,581.63 1025.10,579.58 C 1024.97,577.54 1024.95,575.48 1025.03,573.46 C 1025.12,571.43 1025.32,569.41 1025.63,567.44 C 1025.93,565.46 1026.35,563.50 1026.87,561.58 C 1027.38,559.67 1028.00,557.79 1028.71,555.97 C 1029.43,554.15 1030.24,552.37 1031.14,550.66 C 1032.04,548.94 1033.03,547.28 1034.10,545.70 C 1035.17,544.11 1036.33,542.59 1037.55,541.15 C 1038.77,539.71 1040.07,538.34 1041.42,537.05 C 1042.78,535.77 1044.21,534.56 1045.68,533.45 C 1047.15,532.34 1048.68,531.31 1050.25,530.37 C 1051.81,529.44 1053.43,528.59 1055.07,527.84 C 1056.71,527.10 1058.39,526.44 1060.08,525.88 C 1061.77,525.33 1063.49,524.87 1065.22,524.50 C 1066.94,524.14 1068.68,523.87 1070.41,523.70 C 1072.14,523.53 1073.88,523.46 1075.60,523.48 C 1077.32,523.50 1079.04,523.61 1080.73,523.82 C 1082.41,524.03 1084.09,524.33 1085.72,524.71 C 1087.36,525.10 1088.97,525.58 1090.53,526.13 C 1092.10,526.69 1093.63,527.33 1095.10,528.05 C 1096.58,528.76 1098.01,529.56 1099.39,530.43 C 1100.76,531.29 1102.08,532.23 1103.34,533.23 C 1104.59,534.22 1105.79,535.29 1106.91,536.41 C 1108.04,537.52 1109.10,538.70 1110.08,539.92 C 1111.07,541.14 1111.98,542.41 1112.81,543.71 C 1113.65,545.01 1114.41,546.36 1115.09,547.73 C 1115.76,549.10 1116.37,550.51 1116.88,551.93 C 1117.40,553.35 1117.84,554.80 1118.19,556.25 C 1118.55,557.70 1118.82,559.17 1119.01,560.63 C 1119.20,562.10 1119.31,563.57 1119.34,565.03 C 1119.37,566.49 1119.31,567.95 1119.18,569.38 C 1119.05,570.82 1118.84,572.25 1118.56,573.64 C 1118.28,575.04 1117.91,576.42 1117.48,577.76 C 1117.05,579.10 1116.55,580.42 1115.98,581.69 C 1115.41,582.96 1114.77,584.20 1114.08,585.39 C 1113.38,586.57 1112.62,587.72 1111.81,588.81 C 1111.00,589.90 1110.12,590.95 1109.21,591.93 C 1108.29,592.91 1107.32,593.84 1106.31,594.71 C 1105.31,595.58 1104.25,596.39 1103.17,597.13 C 1102.09,597.87 1100.96,598.55 1099.82,599.16 C 1098.68,599.77 1097.50,600.32 1096.31,600.80 C 1095.12,601.27 1093.90,601.68 1092.68,602.02 C 1091.46,602.36 1090.22,602.63 1088.98,602.83 C 1087.75,603.03 1086.50,603.17 1085.26,603.23 C 1084.03,603.29 1082.79,603.29 1081.57,603.21 C 1080.35,603.14 1079.13,603.00 1077.94,602.80 C 1076.74,602.59 1075.56,602.32 1074.42,602.00 C 1073.27,601.67 1072.14,601.27 1071.04,600.83 C 1069.95,600.38 1068.88,599.87 1067.86,599.31 C 1066.83,598.75 1065.84,598.14 1064.89,597.48 C 1063.95,596.82 1063.04,596.10 1062.18,595.35 C 1061.32,594.60 1060.51,593.80 1059.75,592.97 C 1058.98,592.14 1058.27,591.27 1057.61,590.37 C 1056.95,589.47 1056.35,588.54 1055.80,587.58 C 1055.25,586.63 1054.75,585.65 1054.32,584.65 C 1053.88,583.65 1053.50,582.63 1053.18,581.61 C 1052.86,580.58 1052.60,579.54 1052.39,578.49 C 1052.19,577.45 1052.05,576.40 1051.96,575.35 C 1051.87,574.30 1051.85,573.25 1051.87,572.21 C 1051.90,571.18 1051.99,570.14 1052.13,569.12 C 1052.27,568.11 1052.47,567.10 1052.72,566.12 C 1052.97,565.13 1053.27,564.17 1053.62,563.23 C 1053.97,562.29 1054.37,561.37 1054.82,560.48 C 1055.27,559.60 1055.76,558.74 1056.30,557.92 C 1056.83,557.10 1057.41,556.31 1058.02,555.56 C 1058.64,554.82 1059.29,554.10 1059.98,553.44 C 1060.66,552.77 1061.38,552.14 1062.13,551.56 C 1062.87,550.97 1063.65,550.43 1064.44,549.94 C 1065.24,549.45 1066.06,549.00 1066.89,548.61 C 1067.72,548.21 1068.58,547.86 1069.44,547.56 C 1070.30,547.27 1071.18,547.02 1072.06,546.81 C 1072.94,546.61 1073.83,546.46 1074.72,546.36 C 1075.60,546.26 1076.49,546.21 1077.37,546.21 C 1078.25,546.20 1079.13,546.25 1080.00,546.34 C 1080.87,546.43 1081.73,546.57 1082.57,546.76 C 1083.41,546.94 1084.24,547.17 1085.04,547.45 C 1085.85,547.72 1086.64,548.04 1087.40,548.39 C 1088.16,548.75 1088.90,549.14 1089.61,549.57 C 1090.32,550.01 1091.01,550.48 1091.66,550.98 C 1092.31,551.48 1092.93,552.01 1093.51,552.58 C 1094.10,553.14 1094.65,553.73 1095.17,554.35 C 1095.68,554.97 1096.16,555.61 1096.60,556.27 C 1097.03,556.93 1097.43,557.62 1097.79,558.31 C 1098.15,559.01 1098.47,559.73 1098.75,560.45 C 1099.02,561.17 1099.26,561.91 1099.45,562.65 C 1099.64,563.39 1099.80,564.14 1099.91,564.89 C 1100.01,565.64 1100.08,566.39 1100.11,567.14 C 1100.13,567.88 1100.12,568.63 1100.06,569.37 C 1100.01,570.11 1099.91,570.84 1099.78,571.56 C 1099.64,572.27 1099.47,572.98 1099.26,573.67 C 1099.05,574.36 1098.80,575.04 1098.52,575.70 C 1098.24,576.35 1097.92,576.99 1097.58,577.61 C 1097.23,578.22 1096.85,578.81 1096.44,579.38 C 1096.04,579.94 1095.60,580.49 1095.14,581.00 C 1094.67,581.51 1094.18,581.99 1093.68,582.44 C 1093.17,582.90 1092.63,583.32 1092.09,583.71 C 1091.54,584.10 1090.97,584.45 1090.39,584.78 C 1089.80,585.10 1089.21,585.39 1088.60,585.64 C 1087.99,585.90 1087.37,586.12 1086.75,586.30 C 1086.13,586.48 1085.50,586.63 1084.86,586.74 C 1084.23,586.86 1083.60,586.93 1082.96,586.98 C 1082.33,587.02 1081.70,587.03 1081.07,587.00 C 1080.44,586.97 1079.82,586.91 1079.21,586.82 C 1078.59,586.72 1077.99,586.59 1077.40,586.43 C 1076.81,586.27 1076.22,586.08 1075.66,585.86 C 1075.10,585.64 1074.55,585.39 1074.02,585.11 C 1073.49,584.83 1072.97,584.53 1072.48,584.19 C 1071.99,583.86 1071.52,583.51 1071.08,583.13 C 1070.63,582.75 1070.21,582.35 1069.81,581.93 C 1069.41,581.51 1069.04,581.07 1068.70,580.61 C 1068.35,580.16 1068.03,579.69 1067.74,579.20 C 1067.46,578.72 1067.19,578.22 1066.96,577.71 C 1066.73,577.20 1066.53,576.68 1066.36,576.16 C 1066.18,575.64 1066.04,575.10 1065.93,574.57 C 1065.82,574.04 1065.73,573.50 1065.68,572.97 C 1065.63,572.43 1065.61,571.89 1065.61,571.36 C 1065.62,570.83 1065.65,570.30 1065.72,569.78 C 1065.78,569.25 1065.88,568.74 1065.99,568.23 C 1066.11,567.73 1066.26,567.23 1066.43,566.74 C 1066.61,566.26 1066.80,565.79 1067.03,565.33 C 1067.25,564.87 1067.49,564.43 1067.76,564.00 C 1068.03,563.58 1068.32,563.17 1068.63,562.78 C 1068.94,562.39 1069.27,562.02 1069.61,561.68 C 1069.96,561.33 1070.32,561.00 1070.70,560.70 C 1071.07,560.39 1071.47,560.11 1071.87,559.85 C 1072.27,559.59 1072.69,559.36 1073.11,559.15 C 1073.54,558.94 1073.97,558.75 1074.41,558.59 C 1074.85,558.43 1075.30,558.30 1075.75,558.19 C 1076.20,558.08 1076.65,557.99 1077.10,557.94 C 1077.56,557.88 1078.01,557.84 1078.46,557.83 C 1078.91,557.83 1079.37,557.84 1079.81,557.88 C 1080.25,557.92 1080.70,557.99 1081.13,558.08 C 1081.56,558.16 1081.99,558.27 1082.40,558.41 C 1082.82,558.54 1083.41,558.80 1083.62,558.873b:["$","path","1",{"d":"$6e","fill":"none","stroke":"#4c6394","strokeWidth":5.95,"strokeLinecap":"round","opacity":0.85}]
6f:T1d70,M 1148.00,570.00 C 1147.80,571.23 1147.33,574.96 1146.80,577.37 C 1146.27,579.79 1145.60,582.17 1144.82,584.49 C 1144.04,586.80 1143.13,589.08 1142.11,591.26 C 1141.09,593.45 1139.95,595.59 1138.71,597.63 C 1137.47,599.67 1136.11,601.64 1134.68,603.51 C 1133.24,605.37 1131.69,607.16 1130.08,608.84 C 1128.46,610.52 1126.75,612.11 1124.98,613.59 C 1123.21,615.07 1121.36,616.44 1119.46,617.70 C 1117.56,618.96 1115.59,620.11 1113.59,621.14 C 1111.59,622.17 1109.53,623.08 1107.45,623.88 C 1105.38,624.67 1103.25,625.35 1101.13,625.91 C 1099.00,626.46 1096.84,626.90 1094.69,627.21 C 1092.54,627.53 1090.37,627.72 1088.23,627.80 C 1086.08,627.87 1083.93,627.83 1081.81,627.67 C 1079.70,627.51 1077.59,627.23 1075.53,626.85 C 1073.46,626.46 1071.42,625.96 1069.44,625.36 C 1067.46,624.76 1065.51,624.04 1063.62,623.24 C 1061.74,622.43 1059.90,621.52 1058.14,620.52 C 1056.37,619.53 1054.67,618.43 1053.04,617.26 C 1051.42,616.09 1049.86,614.83 1048.39,613.50 C 1046.92,612.18 1045.53,610.77 1044.23,609.31 C 1042.93,607.85 1041.72,606.31 1040.60,604.74 C 1039.48,603.16 1038.45,601.52 1037.53,599.85 C 1036.60,598.18 1035.77,596.46 1035.04,594.72 C 1034.31,592.98 1033.68,591.19 1033.15,589.41 C 1032.62,587.62 1032.20,585.80 1031.87,583.98 C 1031.55,582.17 1031.33,580.33 1031.20,578.52 C 1031.08,576.70 1031.06,574.87 1031.14,573.07 C 1031.22,571.27 1031.40,569.48 1031.67,567.72 C 1031.94,565.96 1032.31,564.22 1032.77,562.52 C 1033.23,560.82 1033.78,559.15 1034.41,557.53 C 1035.05,555.91 1035.77,554.33 1036.57,552.80 C 1037.37,551.28 1038.25,549.81 1039.20,548.40 C 1040.15,546.99 1041.18,545.63 1042.26,544.35 C 1043.35,543.07 1044.51,541.85 1045.71,540.71 C 1046.91,539.57 1048.18,538.50 1049.49,537.51 C 1050.80,536.52 1052.16,535.61 1053.55,534.78 C 1054.94,533.94 1056.38,533.19 1057.84,532.53 C 1059.30,531.86 1060.79,531.28 1062.29,530.79 C 1063.80,530.29 1065.33,529.88 1066.86,529.56 C 1068.39,529.23 1069.94,529.00 1071.48,528.84 C 1073.02,528.69 1074.56,528.63 1076.09,528.65 C 1077.62,528.66 1079.15,528.77 1080.64,528.95 C 1082.14,529.13 1083.63,529.40 1085.09,529.75 C 1086.54,530.09 1087.97,530.51 1089.36,531.01 C 1090.75,531.50 1092.11,532.07 1093.43,532.71 C 1094.74,533.35 1096.01,534.06 1097.23,534.82 C 1098.45,535.59 1099.63,536.43 1100.74,537.31 C 1101.86,538.20 1102.92,539.15 1103.92,540.14 C 1104.92,541.13 1105.87,542.18 1106.74,543.26 C 1107.61,544.34 1108.43,545.47 1109.17,546.63 C 1109.91,547.79 1110.59,548.99 1111.19,550.21 C 1111.79,551.43 1112.32,552.68 1112.78,553.94 C 1113.24,555.20 1113.63,556.49 1113.95,557.78 C 1114.26,559.07 1114.51,560.37 1114.68,561.68 C 1114.85,562.98 1114.94,564.29 1114.97,565.58 C 1114.99,566.88 1114.94,568.18 1114.83,569.45 C 1114.71,570.73 1114.53,572.00 1114.27,573.24 C 1114.02,574.48 1113.70,575.71 1113.32,576.90 C 1112.94,578.09 1112.49,579.26 1111.98,580.39 C 1111.48,581.52 1110.91,582.62 1110.29,583.68 C 1109.67,584.73 1109.00,585.75 1108.27,586.72 C 1107.55,587.69 1106.78,588.62 1105.96,589.49 C 1105.15,590.37 1104.28,591.19 1103.39,591.96 C 1102.50,592.73 1101.56,593.45 1100.60,594.11 C 1099.63,594.77 1098.63,595.38 1097.62,595.92 C 1096.60,596.47 1095.55,596.95 1094.49,597.38 C 1093.44,597.80 1092.36,598.16 1091.27,598.46 C 1090.18,598.77 1089.08,599.01 1087.98,599.19 C 1086.89,599.36 1085.78,599.48 1084.68,599.54 C 1083.58,599.59 1082.48,599.59 1081.39,599.52 C 1080.31,599.46 1079.23,599.33 1078.17,599.15 C 1077.11,598.97 1076.06,598.73 1075.04,598.44 C 1074.02,598.15 1073.01,597.80 1072.04,597.40 C 1071.07,597.00 1070.12,596.55 1069.21,596.05 C 1068.30,595.56 1067.41,595.01 1066.57,594.42 C 1065.73,593.84 1064.92,593.20 1064.16,592.54 C 1063.40,591.87 1062.67,591.16 1062.00,590.42 C 1061.32,589.68 1060.68,588.91 1060.10,588.11 C 1059.51,587.31 1058.97,586.48 1058.49,585.63 C 1058.00,584.78 1057.56,583.91 1057.17,583.02 C 1056.78,582.14 1056.44,581.23 1056.16,580.32 C 1055.88,579.40 1055.64,578.48 1055.46,577.55 C 1055.28,576.62 1055.15,575.68 1055.08,574.75 C 1055.00,573.82 1054.97,572.89 1055.00,571.97 C 1055.02,571.05 1055.10,570.12 1055.23,569.22 C 1055.35,568.32 1055.53,567.42 1055.75,566.55 C 1055.97,565.67 1056.24,564.81 1056.55,563.98 C 1056.86,563.14 1057.22,562.33 1057.62,561.54 C 1058.01,560.76 1058.45,559.99 1058.93,559.26 C 1059.40,558.53 1059.92,557.83 1060.47,557.17 C 1061.01,556.50 1061.59,555.87 1062.20,555.28 C 1062.81,554.68 1063.45,554.12 1064.11,553.60 C 1064.77,553.09 1065.46,552.61 1066.17,552.17 C 1066.88,551.73 1067.61,551.34 1068.35,550.99 C 1069.09,550.63 1069.85,550.32 1070.62,550.06 C 1071.38,549.79 1072.16,549.57 1072.94,549.39 C 1073.73,549.21 1074.52,549.08 1075.30,548.99 C 1076.09,548.90 1076.88,548.85 1077.67,548.85 C 1078.45,548.85 1079.23,548.89 1080.00,548.97 C 1080.77,549.05 1081.53,549.18 1082.28,549.34 C 1083.03,549.50 1083.77,549.71 1084.48,549.95 C 1085.20,550.19 1085.90,550.48 1086.58,550.79 C 1087.25,551.11 1087.91,551.46 1088.54,551.84 C 1089.17,552.23 1089.78,552.65 1090.36,553.09 C 1090.94,553.54 1091.49,554.01 1092.01,554.51 C 1092.53,555.01 1093.02,555.54 1093.48,556.09 C 1093.94,556.64 1094.36,557.21 1094.75,557.80 C 1095.14,558.38 1095.50,558.99 1095.82,559.61 C 1096.13,560.23 1096.42,560.87 1096.66,561.51 C 1096.91,562.15 1097.12,562.81 1097.29,563.47 C 1097.46,564.12 1097.60,564.79 1097.69,565.46 C 1097.79,566.12 1097.85,566.79 1097.87,567.46 C 1097.90,568.12 1097.88,568.78 1097.83,569.44 C 1097.79,570.09 1097.70,570.75 1097.58,571.38 C 1097.46,572.02 1097.31,572.65 1097.12,573.27 C 1096.93,573.88 1096.71,574.48 1096.46,575.07 C 1096.22,575.65 1095.93,576.22 1095.63,576.76 C 1095.32,577.31 1094.98,577.83 1094.62,578.34 C 1094.25,578.84 1093.86,579.32 1093.45,579.78 C 1093.04,580.23 1092.61,580.66 1092.16,581.06 C 1091.70,581.46 1091.23,581.84 1090.74,582.19 C 1090.26,582.53 1089.75,582.85 1089.23,583.14 C 1088.72,583.42 1088.18,583.68 1087.64,583.91 C 1087.11,584.13 1086.55,584.33 1086.00,584.49 C 1085.45,584.65 1084.89,584.78 1084.32,584.88 C 1083.76,584.98 1083.20,585.05 1082.63,585.09 C 1082.07,585.13 1081.51,585.13 1080.95,585.11 C 1080.39,585.09 1079.84,585.03 1079.30,584.95 C 1078.75,584.86 1078.21,584.75 1077.69,584.61 C 1077.16,584.47 1076.64,584.29 1076.14,584.10 C 1075.64,583.90 1075.15,583.68 1074.68,583.43 C 1074.21,583.18 1073.75,582.91 1073.32,582.62 C 1072.88,582.32 1072.46,582.01 1072.07,581.67 C 1071.67,581.34 1071.30,580.98 1070.94,580.60 C 1070.59,580.23 1070.26,579.84 1069.95,579.44 C 1069.65,579.03 1069.36,578.61 1069.11,578.18 C 1068.85,577.75 1068.62,577.30 1068.41,576.85 C 1068.21,576.40 1068.03,575.94 1067.87,575.48 C 1067.72,575.01 1067.59,574.54 1067.49,574.06 C 1067.39,573.59 1067.32,573.11 1067.27,572.64 C 1067.23,572.16 1067.21,571.68 1067.21,571.21 C 1067.22,570.74 1067.25,570.26 1067.31,569.80 C 1067.36,569.34 1067.44,568.88 1067.55,568.43 C 1067.66,567.98 1067.79,567.53 1067.94,567.10 C 1068.09,566.67 1068.27,566.25 1068.47,565.85 C 1068.66,565.44 1068.88,565.05 1069.12,564.67 C 1069.36,564.29 1069.62,563.93 1069.89,563.58 C 1070.17,563.24 1070.46,562.91 1070.77,562.60 C 1071.07,562.29 1071.40,562.00 1071.73,561.73 C 1072.07,561.46 1072.42,561.21 1072.77,560.98 C 1073.13,560.75 1073.50,560.54 1073.88,560.35 C 1074.26,560.17 1074.64,560.00 1075.03,559.86 C 1075.42,559.72 1075.82,559.60 1076.22,559.50 C 1076.62,559.40 1077.02,559.33 1077.43,559.28 C 1077.83,559.22 1078.23,559.19 1078.63,559.19 C 1079.03,559.18 1079.44,559.19 1079.83,559.23 C 1080.23,559.26 1080.62,559.32 1081.00,559.40 C 1081.39,559.48 1081.77,559.58 1082.13,559.70 C 1082.50,559.81 1083.03,560.04 1083.21,560.113c:["$","path","2",{"d":"$6f","fill":"none","stroke":"#7ea4b0","strokeWidth":5.95,"strokeLinecap":"round","opacity":0.85}]
70:T1b8f,M 288.50,250.00 C 288.33,251.06 287.95,254.27 287.50,256.35 C 287.06,258.43 286.50,260.48 285.84,262.48 C 285.18,264.48 284.40,266.44 283.53,268.33 C 282.67,270.22 281.69,272.06 280.63,273.83 C 279.58,275.59 278.42,277.30 277.19,278.92 C 275.95,280.54 274.63,282.09 273.25,283.54 C 271.86,285.00 270.39,286.38 268.87,287.67 C 267.35,288.95 265.75,290.15 264.12,291.24 C 262.49,292.34 260.79,293.34 259.06,294.24 C 257.34,295.15 255.56,295.95 253.77,296.65 C 251.97,297.34 250.14,297.94 248.30,298.43 C 246.46,298.92 244.59,299.31 242.73,299.59 C 240.87,299.88 238.99,300.06 237.13,300.13 C 235.27,300.21 233.41,300.18 231.57,300.05 C 229.74,299.93 227.91,299.70 226.11,299.37 C 224.32,299.05 222.55,298.62 220.82,298.11 C 219.10,297.60 217.40,296.99 215.76,296.30 C 214.12,295.60 212.51,294.82 210.98,293.96 C 209.44,293.11 207.95,292.16 206.53,291.15 C 205.11,290.14 203.75,289.05 202.46,287.90 C 201.18,286.76 199.96,285.54 198.82,284.27 C 197.68,283.00 196.61,281.67 195.63,280.30 C 194.65,278.93 193.74,277.51 192.92,276.06 C 192.11,274.60 191.37,273.11 190.73,271.59 C 190.08,270.07 189.52,268.52 189.05,266.96 C 188.58,265.40 188.20,263.81 187.91,262.23 C 187.62,260.64 187.41,259.04 187.30,257.45 C 187.18,255.86 187.16,254.27 187.22,252.69 C 187.27,251.12 187.42,249.54 187.65,248.00 C 187.88,246.46 188.20,244.93 188.59,243.44 C 188.98,241.95 189.46,240.48 190.01,239.06 C 190.55,237.64 191.18,236.24 191.87,234.90 C 192.57,233.57 193.33,232.26 194.16,231.02 C 194.99,229.78 195.88,228.59 196.83,227.46 C 197.78,226.33 198.79,225.25 199.84,224.24 C 200.89,223.23 202.00,222.28 203.15,221.41 C 204.29,220.53 205.49,219.72 206.71,218.98 C 207.93,218.24 209.19,217.57 210.47,216.98 C 211.75,216.39 213.06,215.87 214.39,215.42 C 215.71,214.98 217.06,214.61 218.41,214.32 C 219.75,214.02 221.12,213.81 222.48,213.66 C 223.83,213.52 225.20,213.46 226.55,213.47 C 227.90,213.47 229.24,213.56 230.57,213.71 C 231.90,213.87 233.21,214.10 234.50,214.39 C 235.78,214.69 237.05,215.06 238.29,215.49 C 239.52,215.92 240.73,216.42 241.89,216.97 C 243.06,217.53 244.19,218.15 245.27,218.82 C 246.36,219.50 247.40,220.23 248.40,221.01 C 249.39,221.79 250.34,222.63 251.23,223.50 C 252.12,224.38 252.96,225.30 253.74,226.26 C 254.52,227.21 255.25,228.21 255.92,229.24 C 256.58,230.26 257.19,231.32 257.73,232.40 C 258.27,233.48 258.75,234.59 259.17,235.71 C 259.58,236.83 259.93,237.97 260.22,239.12 C 260.51,240.27 260.73,241.43 260.89,242.58 C 261.04,243.74 261.14,244.91 261.17,246.06 C 261.20,247.22 261.16,248.37 261.06,249.51 C 260.97,250.65 260.81,251.78 260.59,252.89 C 260.37,254.00 260.09,255.10 259.75,256.16 C 259.42,257.23 259.02,258.27 258.58,259.29 C 258.13,260.30 257.63,261.28 257.08,262.23 C 256.54,263.17 255.94,264.09 255.30,264.96 C 254.66,265.83 253.97,266.67 253.24,267.45 C 252.52,268.24 251.75,268.98 250.95,269.68 C 250.16,270.37 249.32,271.02 248.46,271.62 C 247.60,272.21 246.71,272.76 245.80,273.25 C 244.89,273.74 243.96,274.19 243.01,274.57 C 242.06,274.96 241.09,275.29 240.12,275.56 C 239.15,275.84 238.16,276.06 237.18,276.23 C 236.19,276.39 235.19,276.50 234.21,276.56 C 233.22,276.62 232.23,276.62 231.25,276.57 C 230.28,276.51 229.30,276.41 228.35,276.25 C 227.39,276.09 226.45,275.88 225.53,275.62 C 224.61,275.37 223.70,275.06 222.82,274.70 C 221.95,274.35 221.09,273.95 220.26,273.50 C 219.44,273.06 218.64,272.57 217.88,272.05 C 217.12,271.52 216.39,270.95 215.69,270.36 C 215.00,269.76 214.34,269.12 213.73,268.46 C 213.11,267.79 212.53,267.10 212.00,266.38 C 211.47,265.66 210.98,264.91 210.53,264.15 C 210.08,263.38 209.68,262.59 209.33,261.79 C 208.97,260.99 208.66,260.17 208.40,259.35 C 208.14,258.52 207.92,257.68 207.75,256.84 C 207.58,256.01 207.46,255.16 207.39,254.31 C 207.31,253.47 207.29,252.62 207.30,251.79 C 207.32,250.95 207.39,250.11 207.50,249.29 C 207.61,248.47 207.76,247.66 207.96,246.86 C 208.15,246.07 208.39,245.28 208.67,244.52 C 208.95,243.76 209.27,243.02 209.63,242.30 C 209.99,241.59 210.38,240.89 210.81,240.22 C 211.24,239.56 211.71,238.91 212.20,238.31 C 212.69,237.70 213.22,237.12 213.77,236.57 C 214.32,236.03 214.90,235.52 215.50,235.04 C 216.10,234.57 216.73,234.12 217.37,233.72 C 218.02,233.32 218.68,232.95 219.35,232.63 C 220.03,232.30 220.72,232.02 221.42,231.77 C 222.12,231.52 222.83,231.31 223.55,231.15 C 224.26,230.98 224.98,230.86 225.70,230.77 C 226.42,230.68 227.14,230.64 227.86,230.63 C 228.58,230.62 229.29,230.66 230.00,230.73 C 230.71,230.80 231.41,230.91 232.09,231.05 C 232.78,231.20 233.45,231.39 234.11,231.60 C 234.77,231.82 235.42,232.08 236.04,232.36 C 236.66,232.65 237.27,232.97 237.85,233.32 C 238.43,233.67 238.99,234.05 239.53,234.45 C 240.06,234.86 240.57,235.30 241.05,235.75 C 241.53,236.21 241.99,236.69 242.41,237.19 C 242.83,237.70 243.23,238.22 243.59,238.76 C 243.95,239.30 244.28,239.86 244.58,240.42 C 244.87,240.99 245.14,241.58 245.37,242.17 C 245.60,242.76 245.79,243.36 245.96,243.97 C 246.12,244.58 246.25,245.19 246.34,245.80 C 246.43,246.42 246.49,247.04 246.52,247.65 C 246.54,248.26 246.53,248.88 246.49,249.48 C 246.45,250.09 246.37,250.69 246.27,251.28 C 246.16,251.87 246.02,252.45 245.85,253.02 C 245.68,253.59 245.48,254.15 245.25,254.69 C 245.02,255.23 244.77,255.76 244.48,256.27 C 244.20,256.77 243.89,257.27 243.56,257.73 C 243.22,258.20 242.87,258.65 242.49,259.07 C 242.11,259.50 241.71,259.90 241.29,260.27 C 240.87,260.65 240.43,261.00 239.98,261.32 C 239.53,261.65 239.06,261.95 238.58,262.21 C 238.11,262.48 237.61,262.73 237.11,262.94 C 236.61,263.15 236.10,263.34 235.59,263.49 C 235.07,263.65 234.55,263.77 234.03,263.87 C 233.51,263.96 232.98,264.03 232.46,264.07 C 231.93,264.11 231.41,264.11 230.89,264.10 C 230.37,264.08 229.85,264.03 229.34,263.95 C 228.83,263.88 228.33,263.77 227.84,263.64 C 227.35,263.51 226.86,263.36 226.40,263.18 C 225.93,263.00 225.47,262.79 225.03,262.56 C 224.59,262.33 224.16,262.08 223.75,261.81 C 223.34,261.54 222.95,261.24 222.57,260.93 C 222.20,260.62 221.85,260.28 221.51,259.94 C 221.18,259.59 220.87,259.22 220.58,258.85 C 220.29,258.47 220.02,258.08 219.78,257.67 C 219.54,257.27 219.32,256.86 219.12,256.43 C 218.93,256.01 218.75,255.58 218.61,255.14 C 218.46,254.71 218.34,254.26 218.24,253.82 C 218.15,253.38 218.08,252.93 218.03,252.48 C 217.98,252.03 217.96,251.58 217.96,251.14 C 217.97,250.69 217.99,250.25 218.04,249.81 C 218.10,249.38 218.17,248.94 218.27,248.52 C 218.37,248.09 218.49,247.68 218.63,247.27 C 218.77,246.86 218.94,246.47 219.12,246.08 C 219.30,245.70 219.51,245.33 219.73,244.97 C 219.95,244.61 220.19,244.27 220.45,243.94 C 220.71,243.61 220.98,243.30 221.27,243.01 C 221.56,242.71 221.86,242.43 222.18,242.18 C 222.49,241.92 222.82,241.68 223.16,241.46 C 223.50,241.24 223.85,241.04 224.20,240.86 C 224.56,240.69 224.92,240.53 225.29,240.39 C 225.66,240.25 226.04,240.14 226.42,240.04 C 226.79,239.95 227.18,239.88 227.56,239.82 C 227.94,239.77 228.32,239.74 228.70,239.73 C 229.08,239.72 229.46,239.73 229.84,239.77 C 230.21,239.80 230.59,239.85 230.95,239.92 C 231.32,239.99 231.68,240.09 232.03,240.20 C 232.38,240.31 232.89,240.52 233.06,240.583e:["$","path","1",{"d":"$70","fill":"none","stroke":"#4c6394","strokeWidth":4.25,"strokeLinecap":"round","opacity":0.85}]
71:T1b8f,M 282.00,250.00 C 281.85,250.94 281.51,253.79 281.12,255.64 C 280.72,257.49 280.22,259.32 279.63,261.09 C 279.04,262.87 278.36,264.61 277.58,266.29 C 276.81,267.97 275.95,269.61 275.01,271.18 C 274.07,272.75 273.04,274.26 271.94,275.70 C 270.85,277.14 269.67,278.52 268.44,279.82 C 267.21,281.11 265.90,282.34 264.55,283.48 C 263.20,284.62 261.78,285.69 260.33,286.66 C 258.88,287.64 257.37,288.53 255.83,289.33 C 254.30,290.13 252.72,290.84 251.13,291.46 C 249.53,292.08 247.90,292.61 246.27,293.05 C 244.63,293.49 242.97,293.83 241.32,294.08 C 239.66,294.34 238.00,294.49 236.34,294.56 C 234.69,294.63 233.03,294.60 231.40,294.49 C 229.77,294.38 228.14,294.17 226.55,293.89 C 224.95,293.60 223.38,293.22 221.84,292.77 C 220.31,292.31 218.80,291.77 217.34,291.15 C 215.88,290.54 214.46,289.84 213.09,289.08 C 211.72,288.32 210.40,287.48 209.14,286.58 C 207.87,285.68 206.66,284.71 205.52,283.69 C 204.38,282.67 203.29,281.59 202.28,280.46 C 201.27,279.34 200.32,278.15 199.45,276.94 C 198.57,275.72 197.77,274.45 197.04,273.16 C 196.32,271.87 195.67,270.54 195.09,269.19 C 194.52,267.84 194.02,266.46 193.60,265.08 C 193.19,263.69 192.85,262.28 192.59,260.87 C 192.33,259.46 192.15,258.04 192.04,256.62 C 191.94,255.21 191.92,253.79 191.97,252.39 C 192.02,250.99 192.15,249.60 192.36,248.22 C 192.56,246.85 192.84,245.49 193.19,244.17 C 193.54,242.84 193.96,241.54 194.45,240.27 C 194.94,239.01 195.49,237.77 196.11,236.58 C 196.73,235.39 197.41,234.24 198.14,233.13 C 198.88,232.03 199.67,230.97 200.51,229.96 C 201.36,228.96 202.25,228.00 203.19,227.10 C 204.13,226.21 205.11,225.36 206.13,224.58 C 207.15,223.80 208.21,223.08 209.30,222.43 C 210.38,221.77 211.50,221.17 212.64,220.65 C 213.78,220.12 214.95,219.66 216.12,219.26 C 217.30,218.87 218.50,218.54 219.69,218.28 C 220.89,218.02 222.11,217.83 223.31,217.70 C 224.52,217.58 225.73,217.52 226.93,217.53 C 228.13,217.53 229.33,217.61 230.51,217.74 C 231.68,217.88 232.86,218.09 234.00,218.35 C 235.14,218.61 236.27,218.94 237.37,219.32 C 238.46,219.70 239.53,220.15 240.57,220.64 C 241.60,221.14 242.61,221.69 243.58,222.29 C 244.54,222.89 245.47,223.54 246.35,224.23 C 247.23,224.93 248.08,225.67 248.87,226.45 C 249.66,227.22 250.41,228.05 251.11,228.89 C 251.80,229.74 252.45,230.63 253.04,231.54 C 253.63,232.45 254.17,233.40 254.65,234.36 C 255.13,235.32 255.56,236.30 255.93,237.30 C 256.29,238.29 256.61,239.31 256.86,240.33 C 257.12,241.35 257.32,242.38 257.46,243.41 C 257.60,244.44 257.68,245.47 257.70,246.50 C 257.73,247.53 257.70,248.55 257.61,249.57 C 257.53,250.58 257.38,251.58 257.19,252.57 C 257.00,253.56 256.75,254.53 256.45,255.48 C 256.15,256.42 255.80,257.36 255.40,258.25 C 255.01,259.15 254.56,260.03 254.08,260.87 C 253.59,261.71 253.06,262.52 252.49,263.30 C 251.92,264.07 251.30,264.81 250.66,265.51 C 250.02,266.21 249.33,266.87 248.63,267.49 C 247.92,268.11 247.17,268.68 246.41,269.21 C 245.65,269.74 244.85,270.23 244.05,270.67 C 243.24,271.11 242.41,271.50 241.56,271.84 C 240.72,272.18 239.86,272.48 239.00,272.72 C 238.13,272.97 237.25,273.17 236.38,273.31 C 235.50,273.46 234.62,273.56 233.74,273.61 C 232.86,273.66 231.98,273.66 231.11,273.61 C 230.25,273.57 229.38,273.47 228.53,273.33 C 227.68,273.19 226.84,273.01 226.02,272.78 C 225.21,272.55 224.40,272.27 223.62,271.96 C 222.84,271.64 222.08,271.28 221.35,270.89 C 220.61,270.50 219.90,270.06 219.23,269.60 C 218.55,269.13 217.90,268.63 217.28,268.09 C 216.67,267.56 216.08,267.00 215.54,266.41 C 214.99,265.82 214.48,265.20 214.00,264.56 C 213.53,263.92 213.09,263.25 212.69,262.57 C 212.30,261.89 211.94,261.19 211.62,260.48 C 211.31,259.77 211.03,259.04 210.80,258.31 C 210.57,257.58 210.37,256.83 210.22,256.08 C 210.07,255.34 209.97,254.58 209.90,253.83 C 209.83,253.08 209.81,252.33 209.83,251.59 C 209.84,250.84 209.90,250.10 210.00,249.37 C 210.09,248.64 210.23,247.92 210.41,247.21 C 210.58,246.50 210.79,245.81 211.04,245.13 C 211.29,244.46 211.58,243.79 211.89,243.16 C 212.21,242.52 212.56,241.90 212.94,241.31 C 213.32,240.72 213.74,240.15 214.18,239.61 C 214.61,239.07 215.08,238.55 215.57,238.07 C 216.06,237.58 216.58,237.13 217.11,236.70 C 217.65,236.28 218.21,235.89 218.78,235.53 C 219.35,235.17 219.94,234.85 220.54,234.56 C 221.14,234.27 221.75,234.01 222.37,233.79 C 223.00,233.58 223.63,233.39 224.26,233.24 C 224.90,233.09 225.54,232.98 226.18,232.91 C 226.82,232.83 227.46,232.79 228.10,232.78 C 228.74,232.78 229.37,232.81 230.00,232.87 C 230.63,232.93 231.25,233.03 231.86,233.16 C 232.47,233.29 233.07,233.45 233.66,233.65 C 234.24,233.84 234.81,234.07 235.37,234.32 C 235.92,234.58 236.46,234.86 236.98,235.17 C 237.49,235.48 237.99,235.82 238.47,236.18 C 238.94,236.54 239.40,236.93 239.82,237.34 C 240.25,237.74 240.65,238.17 241.03,238.62 C 241.41,239.06 241.76,239.53 242.08,240.01 C 242.40,240.49 242.69,240.98 242.96,241.49 C 243.22,241.99 243.46,242.51 243.66,243.04 C 243.86,243.56 244.04,244.10 244.18,244.64 C 244.33,245.18 244.44,245.73 244.52,246.27 C 244.61,246.82 244.66,247.37 244.68,247.91 C 244.70,248.46 244.70,249.00 244.66,249.54 C 244.62,250.08 244.55,250.61 244.46,251.14 C 244.36,251.66 244.24,252.18 244.09,252.69 C 243.94,253.19 243.76,253.69 243.56,254.17 C 243.36,254.65 243.13,255.12 242.87,255.57 C 242.62,256.02 242.35,256.46 242.05,256.87 C 241.76,257.29 241.44,257.69 241.10,258.06 C 240.76,258.44 240.41,258.80 240.04,259.13 C 239.66,259.47 239.27,259.78 238.87,260.07 C 238.47,260.35 238.06,260.62 237.63,260.86 C 237.21,261.10 236.77,261.31 236.32,261.50 C 235.88,261.69 235.42,261.85 234.97,261.99 C 234.51,262.13 234.05,262.24 233.58,262.33 C 233.12,262.41 232.65,262.47 232.18,262.51 C 231.72,262.54 231.25,262.55 230.79,262.53 C 230.33,262.51 229.87,262.47 229.42,262.40 C 228.96,262.33 228.52,262.24 228.08,262.13 C 227.64,262.01 227.21,261.87 226.80,261.71 C 226.38,261.55 225.97,261.37 225.58,261.17 C 225.19,260.96 224.81,260.74 224.44,260.50 C 224.08,260.25 223.73,259.99 223.40,259.71 C 223.07,259.44 222.75,259.14 222.46,258.83 C 222.16,258.52 221.88,258.20 221.63,257.86 C 221.37,257.53 221.13,257.18 220.92,256.82 C 220.70,256.46 220.50,256.09 220.33,255.72 C 220.16,255.34 220.00,254.96 219.87,254.57 C 219.74,254.19 219.64,253.79 219.55,253.40 C 219.46,253.00 219.40,252.60 219.36,252.20 C 219.32,251.81 219.30,251.41 219.30,251.01 C 219.30,250.62 219.33,250.22 219.37,249.83 C 219.42,249.44 219.49,249.06 219.57,248.68 C 219.66,248.31 219.77,247.93 219.89,247.57 C 220.02,247.21 220.16,246.86 220.33,246.52 C 220.49,246.18 220.67,245.84 220.87,245.53 C 221.07,245.21 221.28,244.90 221.51,244.61 C 221.74,244.32 221.98,244.04 222.24,243.78 C 222.50,243.52 222.77,243.28 223.05,243.05 C 223.33,242.82 223.62,242.60 223.92,242.41 C 224.22,242.22 224.53,242.04 224.85,241.88 C 225.16,241.72 225.49,241.58 225.82,241.46 C 226.14,241.34 226.48,241.23 226.81,241.15 C 227.15,241.07 227.49,241.00 227.83,240.95 C 228.17,240.91 228.51,240.88 228.85,240.87 C 229.19,240.86 229.52,240.87 229.86,240.90 C 230.19,240.93 230.52,240.98 230.85,241.04 C 231.17,241.11 231.49,241.19 231.80,241.29 C 232.12,241.38 232.57,241.57 232.72,241.633f:["$","path","2",{"d":"$71","fill":"none","stroke":"#7ea4b0","strokeWidth":4.25,"strokeLinecap":"round","opacity":0.85}]
72:T1b8f,M 263.00,550.00 C 262.81,551.22 262.37,554.92 261.84,557.32 C 261.32,559.71 260.65,562.08 259.86,564.37 C 259.07,566.66 258.13,568.91 257.09,571.06 C 256.05,573.22 254.87,575.31 253.60,577.31 C 252.32,579.30 250.92,581.22 249.44,583.03 C 247.96,584.84 246.36,586.57 244.69,588.17 C 243.03,589.78 241.26,591.28 239.44,592.66 C 237.62,594.05 235.71,595.32 233.76,596.46 C 231.81,597.61 229.79,598.64 227.74,599.53 C 225.69,600.43 223.59,601.20 221.48,601.85 C 219.36,602.49 217.21,603.01 215.06,603.39 C 212.91,603.78 210.73,604.03 208.58,604.16 C 206.42,604.29 204.26,604.29 202.13,604.16 C 200.00,604.04 197.87,603.79 195.80,603.42 C 193.72,603.05 191.66,602.55 189.67,601.95 C 187.67,601.34 185.71,600.62 183.82,599.79 C 181.93,598.97 180.09,598.03 178.33,597.00 C 176.57,595.97 174.88,594.83 173.27,593.62 C 171.66,592.41 170.13,591.09 168.69,589.71 C 167.26,588.34 165.90,586.87 164.65,585.35 C 163.40,583.83 162.24,582.23 161.19,580.59 C 160.14,578.95 159.19,577.25 158.35,575.52 C 157.51,573.79 156.77,572.01 156.15,570.21 C 155.53,568.42 155.01,566.58 154.61,564.75 C 154.20,562.91 153.91,561.05 153.73,559.20 C 153.54,557.36 153.47,555.49 153.51,553.66 C 153.54,551.82 153.69,549.99 153.93,548.19 C 154.18,546.39 154.54,544.61 154.99,542.87 C 155.44,541.13 156.00,539.42 156.64,537.77 C 157.29,536.12 158.04,534.51 158.86,532.96 C 159.69,531.41 160.61,529.91 161.60,528.49 C 162.58,527.07 163.66,525.71 164.80,524.42 C 165.94,523.14 167.15,521.93 168.42,520.80 C 169.68,519.68 171.02,518.63 172.39,517.67 C 173.76,516.71 175.19,515.84 176.65,515.06 C 178.11,514.27 179.62,513.58 181.14,512.98 C 182.66,512.39 184.22,511.88 185.79,511.47 C 187.35,511.06 188.94,510.75 190.52,510.53 C 192.11,510.31 193.70,510.18 195.28,510.15 C 196.86,510.12 198.45,510.18 200.00,510.33 C 201.55,510.49 203.10,510.73 204.61,511.06 C 206.12,511.39 207.61,511.81 209.05,512.31 C 210.49,512.81 211.90,513.40 213.26,514.06 C 214.62,514.71 215.94,515.45 217.19,516.26 C 218.45,517.06 219.66,517.94 220.80,518.87 C 221.94,519.81 223.02,520.81 224.03,521.86 C 225.04,522.91 225.99,524.02 226.86,525.17 C 227.73,526.32 228.53,527.52 229.25,528.75 C 229.97,529.97 230.62,531.25 231.19,532.53 C 231.75,533.82 232.24,535.15 232.64,536.48 C 233.05,537.81 233.37,539.17 233.62,540.52 C 233.86,541.87 234.02,543.24 234.10,544.60 C 234.18,545.96 234.18,547.32 234.10,548.66 C 234.02,550.00 233.86,551.34 233.63,552.65 C 233.40,553.95 233.09,555.25 232.71,556.51 C 232.33,557.76 231.87,559.00 231.35,560.19 C 230.83,561.38 230.24,562.53 229.59,563.64 C 228.94,564.75 228.23,565.82 227.46,566.83 C 226.70,567.84 225.87,568.81 225.00,569.71 C 224.14,570.62 223.21,571.47 222.26,572.26 C 221.30,573.04 220.29,573.77 219.26,574.43 C 218.23,575.09 217.16,575.69 216.07,576.22 C 214.98,576.75 213.86,577.22 212.73,577.61 C 211.60,578.00 210.44,578.33 209.29,578.58 C 208.13,578.83 206.96,579.02 205.80,579.13 C 204.63,579.25 203.46,579.30 202.30,579.27 C 201.15,579.25 199.99,579.16 198.86,579.00 C 197.73,578.85 196.60,578.62 195.51,578.34 C 194.42,578.05 193.34,577.70 192.30,577.30 C 191.26,576.89 190.24,576.42 189.27,575.90 C 188.30,575.38 187.35,574.80 186.46,574.18 C 185.56,573.56 184.70,572.88 183.90,572.16 C 183.09,571.45 182.33,570.68 181.62,569.89 C 180.91,569.09 180.25,568.25 179.64,567.38 C 179.04,566.52 178.49,565.62 178.00,564.70 C 177.51,563.78 177.07,562.83 176.69,561.87 C 176.32,560.92 176.00,559.93 175.74,558.95 C 175.48,557.96 175.29,556.96 175.15,555.97 C 175.01,554.97 174.93,553.96 174.91,552.97 C 174.89,551.98 174.93,550.98 175.03,550.00 C 175.12,549.02 175.28,548.05 175.48,547.10 C 175.69,546.15 175.96,545.21 176.27,544.30 C 176.59,543.40 176.95,542.51 177.37,541.65 C 177.78,540.80 178.25,539.97 178.75,539.17 C 179.26,538.38 179.81,537.62 180.40,536.90 C 180.99,536.19 181.62,535.50 182.28,534.87 C 182.94,534.23 183.64,533.64 184.37,533.09 C 185.09,532.54 185.85,532.04 186.62,531.58 C 187.39,531.13 188.19,530.72 189.00,530.36 C 189.82,530.01 190.65,529.70 191.49,529.45 C 192.32,529.19 193.18,528.99 194.03,528.84 C 194.88,528.68 195.75,528.58 196.60,528.53 C 197.45,528.48 198.31,528.48 199.16,528.53 C 200.00,528.58 200.84,528.68 201.67,528.83 C 202.49,528.97 203.30,529.17 204.10,529.41 C 204.89,529.65 205.66,529.93 206.41,530.26 C 207.16,530.59 207.89,530.96 208.59,531.37 C 209.29,531.78 209.96,532.23 210.60,532.71 C 211.23,533.19 211.84,533.71 212.41,534.26 C 212.98,534.80 213.52,535.39 214.01,535.99 C 214.51,536.59 214.97,537.22 215.38,537.87 C 215.80,538.52 216.18,539.20 216.51,539.88 C 216.84,540.57 217.13,541.27 217.38,541.99 C 217.63,542.70 217.83,543.43 217.99,544.15 C 218.15,544.88 218.27,545.62 218.34,546.35 C 218.42,547.08 218.44,547.82 218.43,548.55 C 218.42,549.28 218.36,550.00 218.26,550.72 C 218.16,551.43 218.02,552.14 217.84,552.83 C 217.66,553.51 217.44,554.19 217.19,554.85 C 216.93,555.50 216.64,556.14 216.31,556.76 C 215.98,557.37 215.62,557.96 215.22,558.53 C 214.83,559.09 214.40,559.63 213.95,560.14 C 213.50,560.65 213.02,561.13 212.52,561.57 C 212.02,562.02 211.49,562.44 210.95,562.82 C 210.40,563.20 209.83,563.54 209.26,563.85 C 208.68,564.16 208.08,564.44 207.48,564.67 C 206.87,564.91 206.25,565.11 205.63,565.27 C 205.01,565.44 204.38,565.56 203.76,565.65 C 203.13,565.73 202.50,565.78 201.87,565.80 C 201.24,565.81 200.62,565.78 200.00,565.72 C 199.38,565.66 198.77,565.57 198.17,565.44 C 197.58,565.30 196.98,565.14 196.41,564.94 C 195.84,564.74 195.28,564.51 194.74,564.25 C 194.21,563.99 193.68,563.69 193.18,563.38 C 192.69,563.06 192.21,562.71 191.76,562.34 C 191.30,561.97 190.87,561.57 190.47,561.15 C 190.07,560.74 189.70,560.30 189.35,559.84 C 189.01,559.39 188.69,558.91 188.40,558.43 C 188.12,557.94 187.86,557.43 187.64,556.92 C 187.41,556.41 187.22,555.89 187.06,555.36 C 186.90,554.83 186.77,554.29 186.67,553.76 C 186.58,553.22 186.51,552.68 186.48,552.14 C 186.45,551.60 186.45,551.06 186.48,550.53 C 186.51,550.00 186.58,549.47 186.67,548.95 C 186.76,548.43 186.88,547.92 187.03,547.42 C 187.19,546.92 187.37,546.43 187.57,545.96 C 187.78,545.49 188.01,545.03 188.27,544.59 C 188.53,544.15 188.81,543.73 189.11,543.33 C 189.42,542.93 189.74,542.54 190.09,542.19 C 190.43,541.83 190.80,541.49 191.18,541.18 C 191.56,540.87 191.96,540.58 192.36,540.31 C 192.77,540.05 193.20,539.81 193.63,539.61 C 194.06,539.40 194.51,539.21 194.95,539.06 C 195.40,538.90 195.86,538.77 196.32,538.67 C 196.78,538.57 197.24,538.50 197.70,538.45 C 198.16,538.40 198.63,538.39 199.09,538.40 C 199.54,538.40 200.00,538.44 200.45,538.50 C 200.90,538.56 201.35,538.65 201.78,538.77 C 202.21,538.88 202.64,539.02 203.05,539.18 C 203.46,539.34 203.87,539.53 204.25,539.73 C 204.64,539.94 205.01,540.17 205.37,540.41 C 205.72,540.66 206.06,540.93 206.38,541.21 C 206.70,541.50 207.01,541.80 207.29,542.12 C 207.57,542.43 207.83,542.77 208.07,543.11 C 208.31,543.45 208.53,543.81 208.72,544.17 C 208.92,544.54 209.09,544.91 209.24,545.29 C 209.39,545.67 209.51,546.06 209.62,546.45 C 209.72,546.84 209.80,547.24 209.85,547.63 C 209.91,548.03 209.94,548.43 209.95,548.82 C 209.95,549.22 209.91,549.80 209.90,550.0041:["$","path","1",{"d":"$72","fill":"none","stroke":"#4c6394","strokeWidth":4.25,"strokeLinecap":"round","opacity":0.85}]
73:T1b8f,M 256.00,550.00 C 255.83,551.08 255.44,554.38 254.97,556.51 C 254.51,558.64 253.91,560.74 253.21,562.77 C 252.50,564.81 251.67,566.80 250.75,568.72 C 249.82,570.64 248.77,572.50 247.64,574.27 C 246.51,576.05 245.26,577.75 243.95,579.36 C 242.63,580.97 241.21,582.50 239.73,583.93 C 238.25,585.36 236.68,586.70 235.06,587.92 C 233.44,589.15 231.74,590.28 230.01,591.30 C 228.27,592.32 226.48,593.23 224.66,594.03 C 222.84,594.83 220.97,595.51 219.09,596.09 C 217.21,596.66 215.30,597.12 213.38,597.46 C 211.47,597.80 209.54,598.03 207.63,598.14 C 205.71,598.26 203.79,598.26 201.89,598.15 C 200.00,598.03 198.11,597.81 196.26,597.48 C 194.42,597.15 192.59,596.71 190.82,596.18 C 189.04,595.64 187.30,594.99 185.62,594.26 C 183.94,593.53 182.30,592.69 180.74,591.78 C 179.18,590.86 177.67,589.85 176.24,588.77 C 174.81,587.69 173.45,586.53 172.17,585.30 C 170.89,584.08 169.69,582.77 168.58,581.42 C 167.47,580.07 166.44,578.65 165.51,577.19 C 164.57,575.74 163.73,574.22 162.98,572.69 C 162.23,571.15 161.58,569.56 161.02,567.97 C 160.47,566.37 160.01,564.74 159.65,563.11 C 159.29,561.48 159.03,559.82 158.87,558.18 C 158.70,556.54 158.64,554.88 158.67,553.25 C 158.70,551.62 158.83,549.99 159.05,548.39 C 159.27,546.79 159.59,545.21 159.99,543.66 C 160.39,542.12 160.89,540.60 161.46,539.13 C 162.03,537.66 162.70,536.23 163.43,534.85 C 164.16,533.48 164.98,532.15 165.86,530.88 C 166.74,529.62 167.70,528.41 168.71,527.27 C 169.72,526.13 170.80,525.05 171.93,524.05 C 173.05,523.05 174.24,522.11 175.46,521.26 C 176.68,520.41 177.95,519.63 179.25,518.94 C 180.54,518.24 181.88,517.63 183.24,517.10 C 184.59,516.57 185.98,516.12 187.37,515.75 C 188.76,515.39 190.17,515.11 191.58,514.91 C 192.98,514.72 194.40,514.61 195.81,514.58 C 197.21,514.55 198.62,514.61 200.00,514.74 C 201.38,514.88 202.76,515.10 204.10,515.39 C 205.44,515.68 206.76,516.06 208.04,516.50 C 209.32,516.94 210.58,517.46 211.79,518.05 C 212.99,518.63 214.17,519.29 215.28,520.00 C 216.40,520.72 217.47,521.50 218.49,522.33 C 219.50,523.16 220.46,524.05 221.36,524.99 C 222.26,525.92 223.10,526.91 223.88,527.93 C 224.65,528.95 225.36,530.02 226.00,531.11 C 226.64,532.20 227.22,533.33 227.72,534.48 C 228.22,535.62 228.66,536.80 229.02,537.98 C 229.38,539.16 229.66,540.37 229.88,541.57 C 230.10,542.78 230.24,543.99 230.31,545.20 C 230.38,546.41 230.38,547.62 230.31,548.81 C 230.24,550.00 230.10,551.19 229.89,552.35 C 229.69,553.52 229.41,554.67 229.07,555.78 C 228.73,556.90 228.33,558.00 227.87,559.05 C 227.41,560.11 226.88,561.14 226.30,562.13 C 225.73,563.11 225.09,564.06 224.41,564.96 C 223.73,565.86 223.00,566.72 222.23,567.52 C 221.45,568.33 220.63,569.08 219.78,569.78 C 218.93,570.48 218.04,571.13 217.12,571.72 C 216.20,572.31 215.25,572.84 214.28,573.31 C 213.32,573.78 212.32,574.19 211.31,574.54 C 210.31,574.89 209.28,575.18 208.25,575.40 C 207.23,575.63 206.19,575.79 205.15,575.90 C 204.12,576.00 203.08,576.04 202.05,576.02 C 201.02,576.00 199.99,575.92 198.99,575.78 C 197.98,575.64 196.98,575.44 196.01,575.19 C 195.04,574.94 194.08,574.63 193.16,574.26 C 192.23,573.90 191.33,573.49 190.46,573.02 C 189.60,572.56 188.76,572.05 187.96,571.49 C 187.17,570.94 186.40,570.34 185.69,569.70 C 184.97,569.06 184.29,568.38 183.66,567.68 C 183.03,566.97 182.44,566.22 181.91,565.45 C 181.37,564.69 180.88,563.88 180.44,563.07 C 180.01,562.25 179.62,561.41 179.28,560.56 C 178.95,559.70 178.67,558.83 178.44,557.95 C 178.21,557.08 178.03,556.19 177.91,555.30 C 177.79,554.42 177.72,553.52 177.70,552.64 C 177.68,551.76 177.72,550.87 177.80,550.00 C 177.89,549.13 178.02,548.26 178.21,547.42 C 178.39,546.58 178.63,545.74 178.91,544.94 C 179.19,544.13 179.52,543.34 179.88,542.58 C 180.25,541.82 180.67,541.08 181.11,540.38 C 181.56,539.67 182.06,539.00 182.58,538.36 C 183.10,537.72 183.66,537.11 184.25,536.55 C 184.84,535.98 185.46,535.45 186.10,534.97 C 186.75,534.48 187.42,534.03 188.10,533.63 C 188.79,533.22 189.50,532.86 190.23,532.55 C 190.95,532.23 191.69,531.96 192.43,531.73 C 193.18,531.50 193.94,531.32 194.69,531.19 C 195.45,531.05 196.22,530.96 196.98,530.92 C 197.74,530.87 198.50,530.87 199.25,530.91 C 200.00,530.96 200.75,531.05 201.48,531.18 C 202.21,531.31 202.94,531.48 203.64,531.70 C 204.34,531.91 205.04,532.16 205.70,532.45 C 206.37,532.74 207.02,533.08 207.63,533.44 C 208.25,533.80 208.85,534.20 209.42,534.63 C 209.99,535.06 210.53,535.52 211.03,536.01 C 211.54,536.49 212.02,537.01 212.46,537.54 C 212.90,538.08 213.30,538.64 213.67,539.22 C 214.04,539.80 214.38,540.40 214.68,541.01 C 214.97,541.62 215.23,542.24 215.45,542.88 C 215.67,543.51 215.85,544.16 216.00,544.80 C 216.14,545.45 216.24,546.11 216.31,546.76 C 216.37,547.41 216.40,548.06 216.38,548.71 C 216.37,549.36 216.32,550.00 216.23,550.64 C 216.14,551.27 216.02,551.90 215.86,552.51 C 215.70,553.12 215.50,553.73 215.28,554.31 C 215.05,554.89 214.79,555.46 214.50,556.00 C 214.21,556.55 213.88,557.08 213.53,557.58 C 213.18,558.08 212.80,558.56 212.40,559.01 C 212.00,559.46 211.57,559.89 211.13,560.29 C 210.68,560.68 210.21,561.05 209.73,561.39 C 209.25,561.73 208.74,562.04 208.23,562.31 C 207.71,562.59 207.18,562.83 206.65,563.04 C 206.11,563.25 205.56,563.43 205.01,563.58 C 204.46,563.72 203.90,563.83 203.34,563.91 C 202.78,563.99 202.22,564.03 201.66,564.04 C 201.11,564.05 200.55,564.03 200.00,563.98 C 199.45,563.92 198.91,563.84 198.38,563.72 C 197.84,563.60 197.32,563.46 196.81,563.28 C 196.30,563.10 195.81,562.90 195.33,562.67 C 194.85,562.43 194.38,562.17 193.94,561.89 C 193.50,561.61 193.07,561.30 192.67,560.97 C 192.27,560.64 191.89,560.29 191.53,559.92 C 191.18,559.55 190.84,559.15 190.53,558.75 C 190.23,558.35 189.95,557.92 189.69,557.49 C 189.44,557.06 189.21,556.61 189.01,556.15 C 188.81,555.70 188.64,555.23 188.50,554.76 C 188.35,554.30 188.24,553.82 188.16,553.34 C 188.07,552.86 188.01,552.38 187.98,551.90 C 187.96,551.43 187.96,550.94 187.98,550.47 C 188.01,550.00 188.07,549.53 188.15,549.07 C 188.23,548.61 188.34,548.15 188.48,547.71 C 188.61,547.26 188.77,546.83 188.95,546.41 C 189.14,545.99 189.34,545.58 189.57,545.19 C 189.80,544.80 190.05,544.43 190.32,544.07 C 190.59,543.71 190.88,543.37 191.19,543.05 C 191.50,542.74 191.82,542.44 192.16,542.16 C 192.50,541.88 192.85,541.62 193.21,541.39 C 193.58,541.16 193.95,540.95 194.34,540.76 C 194.72,540.57 195.12,540.41 195.52,540.27 C 195.91,540.13 196.32,540.02 196.73,539.93 C 197.13,539.84 197.55,539.77 197.96,539.73 C 198.37,539.69 198.78,539.68 199.19,539.69 C 199.60,539.69 200.00,539.73 200.40,539.78 C 200.80,539.83 201.20,539.91 201.58,540.01 C 201.97,540.11 202.35,540.24 202.71,540.38 C 203.08,540.52 203.44,540.69 203.78,540.87 C 204.12,541.06 204.46,541.26 204.77,541.48 C 205.09,541.70 205.39,541.94 205.67,542.19 C 205.96,542.44 206.23,542.71 206.48,542.99 C 206.73,543.27 206.96,543.57 207.17,543.87 C 207.39,544.18 207.58,544.50 207.75,544.82 C 207.93,545.14 208.08,545.48 208.21,545.82 C 208.34,546.15 208.46,546.50 208.55,546.85 C 208.64,547.19 208.71,547.55 208.76,547.90 C 208.81,548.25 208.83,548.60 208.84,548.95 C 208.85,549.30 208.81,549.83 208.80,550.0042:["$","path","2",{"d":"$73","fill":"none","stroke":"#7ea4b0","strokeWidth":4.25,"strokeLinecap":"round","opacity":0.85}]
44:["$","path",null,{"fillRule":"evenodd","clipRule":"evenodd","fill":"currentColor","d":"M10.8975 10.848c0.0953 0 0.1867 -0.0379 0.254 -0.1052 0.0674 -0.0674 0.1052 -0.1588 0.1052 -0.2541 0 -0.0952 -0.0378 -0.1866 -0.1052 -0.254 -0.0673 -0.0674 -0.1587 -0.1052 -0.254 -0.1052 -0.6586 -0.0299 -3.89172 -2.67432 -4.39066 -3.09343 -0.49894 -0.41911 -0.49894 -0.12972 -0.14968 -0.47898s0.77834 -0.62866 0.92803 -0.75839C8.47573 4.6523 9.76835 3.61687 11.147 2.70528c0.0741 -0.04235 0.1283 -0.11239 0.1508 -0.19474 0.0224 -0.08234 0.0113 -0.17023 -0.0311 -0.24433 -0.0423 -0.0741 -0.1124 -0.12835 -0.1947 -0.15081 -0.0824 -0.02245 -0.1702 -0.01128 -0.2443 0.03107 -2.11826 1.06919 -4.07646 2.42952 -5.81768 4.04141 -0.11026 0.13846 -0.18364 0.30259 -0.21331 0.47709 -0.02966 0.1745 -0.01464 0.35367 0.04367 0.52078 0.26943 0.53886 5.05925 3.70215 6.05712 3.66225Z"}]
45:["$","path",null,{"fillRule":"evenodd","clipRule":"evenodd","fill":"currentColor","d":"M12.7336 12.1352c1.1077 -3.55243 3.5026 -6.63587 4.1711 -11.705099 0.0161 -0.043444 0.0225 -0.089864 0.0189 -0.13604 -0.0037 -0.046175 -0.0174 -0.091001 -0.0401 -0.131367 -0.0227 -0.040365 -0.0539 -0.0753049 -0.0915 -0.1023942 -0.0376 -0.0270893 -0.0806 -0.0456798 -0.1261 -0.05448172 -0.0454 -0.00880194 -0.0923 -0.0076046 -0.1373 0.00350896 -0.0449 0.01111356 -0.0869 0.03187726 -0.1231 0.06085056 -0.0361 0.0289733 -0.0655 0.0654624 -0.0862 0.1069364 -0.0206 0.041474 -0.0319 0.086939 -0.0332 0.133241 -0.7984 3.193215 -3.2831 6.985155 -4.251 11.645245 -0.0118 0.0459 -0.0144 0.0936 -0.0078 0.1405 0.0067 0.0469 0.0225 0.092 0.0466 0.1328 0.0241 0.0407 0.056 0.0764 0.0938 0.1048 0.0379 0.0285 0.081 0.0492 0.1268 0.061 0.0459 0.0118 0.0936 0.0144 0.1405 0.0078 0.0469 -0.0067 0.092 -0.0225 0.1328 -0.0466 0.0408 -0.0241 0.0764 -0.056 0.1049 -0.0939 0.0284 -0.0378 0.0491 -0.0809 0.0609 -0.1268Z"}]
46:["$","path",null,{"fillRule":"evenodd","clipRule":"evenodd","fill":"currentColor","d":"M18.7808 2.36597c-0.0662 -0.05293 -0.1507 -0.07741 -0.2349 -0.06806 -0.0842 0.00936 -0.1613 0.05179 -0.2142 0.11795 -0.0529 0.06617 -0.0774 0.15065 -0.068 0.23486 0.0093 0.08421 0.0517 0.16126 0.1179 0.21419 0.4291 0.37919 3.7919 3.36285 4.0913 3.84183 -1.0877 1.32718 -5.169 3.79196 -5.149 3.88176 -0.0886 0.0274 -0.1637 0.0871 -0.2103 0.1673 -0.0465 0.0802 -0.0612 0.175 -0.0411 0.2655 0.0201 0.0906 0.0736 0.1702 0.1497 0.2231 0.0762 0.0529 0.1694 0.0753 0.2613 0.0626 0.3792 -0.0599 5.7977 -2.99367 6.2767 -4.43062 0.2894 -0.91805 -1.7862 -2.21529 -4.9794 -4.51041Z"}]
47:["$","div",null,{"style":{"fontSize":"13px","color":"rgba(255,255,255,0.7)"},"children":["Software Engineer ·"," ",["$","a",null,{"href":"https://entrupy.com","target":"_blank","rel":"noreferrer","style":{"fontWeight":500,"color":"#fff"},"children":"Entrupy"}]]}]
48:["$","div",null,{"className":"hero-npx","children":["$","$L74",null,{}]}]
49:["$","div",null,{"className":"hero-links","id":"hero-links","children":["$","$L75",null,{}]}]
4a:["$","div",null,{"className":"hero-currently-building","style":{"paddingTop":"16px"},"children":[["$","h2",null,{"style":{"fontSize":"14px","fontWeight":700,"color":"#fff","marginBottom":"12px","opacity":0.85},"children":"Currently Building"}],["$","a",null,{"href":"/cluster","className":"hero-building-card","children":["$","div",null,{"style":{"display":"flex","flexDirection":"column","padding":"14px 18px","gap":"10px"},"children":[["$","div",null,{"style":{"display":"flex","alignItems":"flex-start","justifyContent":"space-between","gap":"8px"},"children":[["$","div",null,{"style":{"borderLeft":"3px solid #fff","paddingLeft":"12px"},"children":[["$","div",null,{"style":{"display":"flex","alignItems":"center","gap":"7px","marginBottom":"2px"},"children":[["$","span",null,{"style":{"fontWeight":700,"fontSize":"14px"},"children":"Phoneix"}],["$","span",null,{"style":{"fontSize":"9px","color":"#fff","background":"#22c55e","borderRadius":"4px","padding":"1px 6px","fontWeight":700,"letterSpacing":"0.05em"},"children":"LIVE"}]]}],["$","div",null,{"style":{"fontSize":"12px","color":"rgba(255,255,255,0.7)"},"children":"Personal API + distributed cache running on a Pixel 7a"}]]}],["$","svg",null,{"className":"hero-building-arrow","width":"16","height":"16","viewBox":"0 0 24 24","fill":"none","stroke":"currentColor","strokeWidth":"2","strokeLinecap":"round","strokeLinejoin":"round","children":["$","path",null,{"d":"M7 17L17 7M17 7H9M17 7V15"}]}]]}],["$","div",null,{"style":{"display":"flex","flexWrap":"wrap","gap":"6px"},"children":[["$","span","FastAPI",{"style":{"fontSize":"11px","color":"#fff","background":"rgba(255,255,255,0.12)","border":"1px solid rgba(255,255,255,0.2)","borderRadius":"4px","padding":"2px 8px"},"children":"FastAPI"}],["$","span","Go",{"style":{"fontSize":"11px","color":"#fff","background":"rgba(255,255,255,0.12)","border":"1px solid rgba(255,255,255,0.2)","borderRadius":"4px","padding":"2px 8px"},"children":"Go"}],["$","span","Distributed Systems",{"style":{"fontSize":"11px","color":"#fff","background":"rgba(255,255,255,0.12)","border":"1px solid rgba(255,255,255,0.2)","borderRadius":"4px","padding":"2px 8px"},"children":"Distributed Systems"}]]}]]}]}]]}]
4b:["$","div",null,{"className":"hero-scroll-cue","aria-hidden":"true","children":[["$","span",null,{"children":"Keep scrolling"}],["$","svg",null,{"width":"16","height":"16","viewBox":"0 0 24 24","fill":"none","stroke":"currentColor","strokeWidth":"2","strokeLinecap":"round","strokeLinejoin":"round","children":["$","path",null,{"d":"M6 9l6 6 6-6"}]}]]}]
4c:["$","span","Docker",{"className":"skill-note","style":{"color":"#2b1a08","background":"#8fbc94","transform":"rotate(0.47deg)","outline":"none","outlineOffset":"2px"},"children":["Docker",""]}]
4d:["$","span","Nginx",{"className":"skill-note","style":{"color":"#2b1a08","background":"#8fbc94","transform":"rotate(1.02deg)","outline":"none","outlineOffset":"2px"},"children":["Nginx",""]}]
4e:["$","span","CI/CD",{"className":"skill-note","style":{"color":"#2b1a08","background":"#8fbc94","transform":"rotate(-1.24deg)","outline":"none","outlineOffset":"2px"},"children":["CI/CD",""]}]
4f:["$","span","Cloudflare",{"className":"skill-note","style":{"color":"#2b1a08","background":"#8fbc94","transform":"rotate(1.21deg)","outline":"none","outlineOffset":"2px"},"children":["Cloudflare",""]}]
50:["$","div","Databases",{"children":[["$","div",null,{"style":{"fontSize":"11px","color":"rgba(255,255,255,0.65)","textTransform":"uppercase","letterSpacing":"0.08em","fontWeight":700,"marginBottom":"12px"},"children":"Databases"}],["$","div",null,{"style":{"display":"flex","flexWrap":"wrap","gap":"10px 12px"},"children":[["$","span","PostgreSQL",{"className":"skill-note","style":{"color":"#2b1a08","background":"#f4a261","transform":"rotate(-0.35deg)","outline":"none","outlineOffset":"2px"},"children":["PostgreSQL",""]}],["$","span","MySQL",{"className":"skill-note","style":{"color":"#2b1a08","background":"#f4a261","transform":"rotate(-0.41deg)","outline":"none","outlineOffset":"2px"},"children":["MySQL",""]}],["$","span","DynamoDB",{"className":"skill-note","style":{"color":"#2b1a08","background":"#f4a261","transform":"rotate(-2.9deg)","outline":"none","outlineOffset":"2px"},"children":["DynamoDB",""]}],["$","span","SQLite",{"className":"skill-note","style":{"color":"#2b1a08","background":"#f4a261","transform":"rotate(0.77deg)","outline":"none","outlineOffset":"2px"},"children":["SQLite",""]}],["$","span","Redis",{"className":"skill-note","style":{"color":"#2b1a08","background":"#f4a261","transform":"rotate(-0.89deg)","outline":"none","outlineOffset":"2px"},"children":["Redis",""]}]]}]]}]
51:["$","div","Distributed Systems",{"children":[["$","div",null,{"style":{"fontSize":"11px","color":"rgba(255,255,255,0.65)","textTransform":"uppercase","letterSpacing":"0.08em","fontWeight":700,"marginBottom":"12px"},"children":"Distributed Systems"}],["$","div",null,{"style":{"display":"flex","flexWrap":"wrap","gap":"10px 12px"},"children":[["$","span","Consistent Hashing",{"className":"skill-note","style":{"color":"#2b1a08","background":"#e0c097","transform":"rotate(0.89deg)","outline":"2px solid #1c7a3c","outlineOffset":"2px"},"children":["Consistent Hashing"," ↑"]}],["$","span","Gossip Protocol",{"className":"skill-note","style":{"color":"#2b1a08","background":"#e0c097","transform":"rotate(-1.06deg)","outline":"2px solid #1c7a3c","outlineOffset":"2px"},"children":["Gossip Protocol"," ↑"]}],["$","span","Replication",{"className":"skill-note","style":{"color":"#2b1a08","background":"#e0c097","transform":"rotate(2.09deg)","outline":"2px solid #1c7a3c","outlineOffset":"2px"},"children":["Replication"," ↑"]}],["$","span","Structured Logging",{"className":"skill-note","style":{"color":"#2b1a08","background":"#e0c097","transform":"rotate(-3.67deg)","outline":"none","outlineOffset":"2px"},"children":["Structured Logging",""]}],["$","span","Rate Limiting",{"className":"skill-note","style":{"color":"#2b1a08","background":"#e0c097","transform":"rotate(-3.45deg)","outline":"none","outlineOffset":"2px"},"children":["Rate Limiting",""]}],["$","span","Health Checks",{"className":"skill-note","style":{"color":"#2b1a08","background":"#e0c097","transform":"rotate(1.76deg)","outline":"none","outlineOffset":"2px"},"children":["Health Checks",""]}]]}]]}]
52:["$","div","Data & Analytics",{"children":[["$","div",null,{"style":{"fontSize":"11px","color":"rgba(255,255,255,0.65)","textTransform":"uppercase","letterSpacing":"0.08em","fontWeight":700,"marginBottom":"12px"},"children":"Data & Analytics"}],["$","div",null,{"style":{"display":"flex","flexWrap":"wrap","gap":"10px 12px"},"children":[["$","span","SQL Optimization",{"className":"skill-note","style":{"color":"#2b1a08","background":"#e76f51","transform":"rotate(-2.14deg)","outline":"none","outlineOffset":"2px"},"children":["SQL Optimization",""]}],["$","span","ETL Pipelines",{"className":"skill-note","style":{"color":"#2b1a08","background":"#e76f51","transform":"rotate(3.39deg)","outline":"none","outlineOffset":"2px"},"children":["ETL Pipelines",""]}],["$","span","CSV / Pivot Reports",{"className":"skill-note","style":{"color":"#2b1a08","background":"#e76f51","transform":"rotate(-3.07deg)","outline":"none","outlineOffset":"2px"},"children":["CSV / Pivot Reports",""]}]]}]]}]
53:["$","div","Tools",{"children":[["$","div",null,{"style":{"fontSize":"11px","color":"rgba(255,255,255,0.65)","textTransform":"uppercase","letterSpacing":"0.08em","fontWeight":700,"marginBottom":"12px"},"children":"Tools"}],["$","div",null,{"style":{"display":"flex","flexWrap":"wrap","gap":"10px 12px"},"children":[["$","span","Git",{"className":"skill-note","style":{"color":"#2b1a08","background":"#c9a66b","transform":"rotate(3.35deg)","outline":"none","outlineOffset":"2px"},"children":["Git",""]}],["$","span","PostHog",{"className":"skill-note","style":{"color":"#2b1a08","background":"#c9a66b","transform":"rotate(-2.26deg)","outline":"none","outlineOffset":"2px"},"children":["PostHog",""]}],["$","span","HubSpot",{"className":"skill-note","style":{"color":"#2b1a08","background":"#c9a66b","transform":"rotate(0.27deg)","outline":"none","outlineOffset":"2px"},"children":["HubSpot",""]}],["$","span","Chargebee",{"className":"skill-note","style":{"color":"#2b1a08","background":"#c9a66b","transform":"rotate(-1.43deg)","outline":"none","outlineOffset":"2px"},"children":["Chargebee",""]}],["$","span","Slack API",{"className":"skill-note","style":{"color":"#2b1a08","background":"#c9a66b","transform":"rotate(2.58deg)","outline":"none","outlineOffset":"2px"},"children":["Slack API",""]}]]}]]}]
5b:[["$","meta","0",{"charSet":"utf-8"}],["$","meta","1",{"name":"viewport","content":"width=device-width, initial-scale=1"}]]
76:I[27201,["/_next/static/chunks/05-c3ty_6dwfk.js","/_next/static/chunks/14mrh2-p_w84d.js"],"IconMark"]
59:null
5d:[["$","title","0",{"children":"Shubhan Mehrotra"}],["$","meta","1",{"name":"description","content":"Software Engineer from India. Building Phoneix — a self-hosted API, dashboard, and distributed cache on a Pixel 7a."}],["$","meta","2",{"property":"og:title","content":"Shubhan Mehrotra"}],["$","meta","3",{"property":"og:description","content":"Software Engineer · Entrupy. FastAPI · Go · Distributed Systems."}],["$","meta","4",{"property":"og:url","content":"https://shubhanmehrotra.com"}],["$","meta","5",{"property":"og:site_name","content":"shubhanmehrotra.com"}],["$","meta","6",{"name":"twitter:card","content":"summary"}],["$","meta","7",{"name":"twitter:title","content":"Shubhan Mehrotra"}],["$","meta","8",{"name":"twitter:description","content":"Software Engineer · Entrupy. FastAPI · Go · Distributed Systems."}],["$","link","9",{"rel":"icon","href":"/favicon.ico?favicon.2vob68tjqpejf.ico","sizes":"256x256","type":"image/x-icon"}],["$","$L76","10",{}]]
